Vejnavn, Købesum, Dato, Type, kr/m², Rum, Postnr, Boligtype, m², Bygget, %
Tromsøgade 7B, 3422500, 12-05-2015, Alm. Salg, 26326, 5, 8200, Villa, 130, 1937, -4 %
Kalkjærvej 4, 2951000, 12-05-2015, Alm. Salg, 24591, 5, 8270, Villa, 120, 1915, 6 %
Vestergårdsvangen 129, 4270000, 12-05-2015, Alm. Salg, 22956, 7, 8260, Villa, 186, 2012, -3 %
Jeppe Aakjærs Vej 47, 1059000, 08-05-2015, Alm. Salg, 10485, 4, 8230, Villa, 101, 1926
Mølleskovvej 2A, 2075000, 07-05-2015, Fam. Salg, 8982, 9, 8270, Villa, 231, 1971
Engelundsvej 63, 3800000, 05-05-2015, Alm. Salg, 21111, 6, 8260, Villa, 180, 2008
Løvenholms Alle 4, 1953550, 29-04-2015, Andet, 8839, 7, 8260, Villa, 221, 1966
Flakvej 23, 4950000, 28-04-2015, Fam. Salg, 45000, 4, 8240, Villa, 110, 1926
Jelshøjvænget 3, 1975000, 22-04-2015, Alm. Salg, 28214, 3, 8270, Villa, 70, 1877, -10 %
Ryslingevej 23, 400516, 21-04-2015, Andet, 3926, 4, 8270, Villa, 102, 1960, -86 %
Kanehaven 45, 4270000, 20-04-2015, Alm. Salg, 22592, 6, 8240, Villa, 189, 1973, -5 %
Solvejen 2, 2550000, 15-04-2015, Alm. Salg, 18214, 4, 8250, Villa, 140, 1962
Klokkerfaldet 79, 3300000, 15-04-2015, Alm. Salg, 18965, 7, 8210, Villa, 174, 1969
Timianvej 6, 1376008, 14-04-2015, Alm. Salg, 8441, 5, 8240, Villa, 163, 1950
Saralystvej 10, 4300000, 13-04-2015, Alm. Salg, 37391, 4, 8270, Villa, 115, 1952, -4 %
Skæring Højsagervej 20, 3700000, 12-04-2015, Alm. Salg, 28461, 5, 8250, Villa, 130, 1969, -12 %
Avnbøgevej 6, 2298000, 11-04-2015, Alm. Salg, 16652, 3, 8220, Villa, 138, 1959, 0 %
Rosenvangs Alle 39, 1750000, 10-04-2015, Fam. Salg, 13671, 4, 8260, Villa, 128, 1904
Hannesvej 5, 1970000, 10-04-2015, Alm. Salg, 17130, 5, 8220, Villa, 115, 1958, 0 %
Ildervej 16, 6750000, 07-04-2015, Alm. Salg, 34263, 5, 8270, Villa, 197, 1982
Herredsvej 38, 2450000, 06-04-2015, Alm. Salg, 24257, 6, 8210, Villa, 101, 1953, -2 %
Skovagervej 16A, 7000000, 03-04-2015, Alm. Salg, 34653, 6, 8240, Villa, 202, 2009, -3 %
Rouloen 4, 3350000, 01-04-2015, Alm. Salg, 24275, 5, 8250, Villa, 138, 1970, 0 %
Sintrupvej 1, 2575000, 01-04-2015, Alm. Salg, 19807, 4, 8220, Villa, 130, 1972
Holmevangen 20, 3900000, 01-04-2015, Alm. Salg, 20526, 6, 8270, Villa, 190, 1957, -2 %
Blåmunkevej 30, 4100000, 31-03-2015, Alm. Salg, 24117, 5, 8240, Villa, 170, 1980, -5 %
L.P.Bechs Vej 16A, 5800000, 31-03-2015, Alm. Salg, 33142, 5, 8240, Villa, 175, 1935, -3 %
Visbygade 14, 2595000, 30-03-2015, Alm. Salg, 37608, 3, 8200, Villa, 69, 1953
Ryvangs Alle 4, 5830000, 30-03-2015, Alm. Salg, 32388, 5, 8240, Villa, 180, 1984
Rolsøvej 22, 4400000, 29-03-2015, Fam. Salg, 19130, 8, 8240, Villa, 230, 1961, -9 %
Sophus Bauditz Vej 43, 4100000, 27-03-2015, Alm. Salg, 21578, 7, 8230, Villa, 190, 1968, -2 %
Holmetoften 51, 3500000, 26-03-2015, Alm. Salg, 23489, 4, 8270, Villa, 149, 1972, -2 %
P.Mønsteds Alle 30, 3400000, 26-03-2015, Alm. Salg, 23611, 3, 8270, Villa, 144, 1948, -11 %
Fuglesangs Alle 27, 2925000, 25-03-2015, Alm. Salg, 38486, 3, 8210, Villa, 76, 1930, -2 %
Geysergade 4, 3800000, 25-03-2015, Alm. Salg, 28571, 6, 8200, Villa, 133, 1945, -5 %
Syrenvej 1, 4100000, 25-03-2015, Alm. Salg, 24260, 5, 8240, Villa, 169, 1898, -9 %
Bynkevej 10, 2375000, 24-03-2015, Alm. Salg, 16964, 4, 8240, Villa, 140, 1980, -10 %
Nattergalevej 3, 1530000, 23-03-2015, Fam. Salg, 15937, 3, 8210, Villa, 96, 1962
Søsterhøjvænget 5, 4000000, 23-03-2015, Alm. Salg, 28169, 5, 8270, Villa, 142, 1995, -5 %
Birkegade 3, 525000, 22-03-2015, Alm. Salg, 3977, 3, 8200, Villa, 132, 1927
Laskedalen 46, 1800000, 20-03-2015, Andet, 9729, 6, 8220, Villa, 185, 2006
Viemosevej 8, 2950000, 20-03-2015, Alm. Salg, 23600, 5, 8260, Villa, 125, 1965, -2 %
P.Mønsteds Alle 28, 3250000, 19-03-2015, Alm. Salg, 40123, 3, 8270, Villa, 81, 1948, 0 %
Avnbøgevej 3, 2650000, 18-03-2015, Alm. Salg, 19343, 5, 8220, Villa, 137, 1959, -4 %
Chr.Winthers Vej 42, 3400000, 18-03-2015, Andet, 29059, 5, 8230, Villa, 117, 1928
Lærkevej 22, 12500000, 17-03-2015, Alm. Salg, 69832, 5, 8240, Villa, 179, 1995, -7 %
Baldrianvej 26, 2517500, 17-03-2015, Alm. Salg, 23976, 4, 8240, Villa, 105, 1981, -5 %
Bülowsgade 34B, 2945000, 16-03-2015, Alm. Salg, 39797, 3, 8000, Villa, 74, 1917
Egebjergvej 63, 2800000, 16-03-2015, Alm. Salg, 21052, 4, 8220, Villa, 133, 1969, -3 %
Holmevej 213, 2195000, 16-03-2015, Alm. Salg, 17148, 5, 8270, Villa, 128, 1949, -4 %
Bredkær Parkvej 60, 2750000, 13-03-2015, Alm. Salg, 12222, 8, 8250, Villa, 225, 1969
Rouloen 24, 5550000, 13-03-2015, Alm. Salg, 35350, 6, 8250, Villa, 157, 1968, -4 %
Hørhavevej 45A, 3500000, 12-03-2015, Fam. Salg, 21604, 4, 8270, Villa, 162, 1905
Visselbjergvej 5, 1550000, 12-03-2015, Alm. Salg, 12400, 4, 8250, Villa, 125, 1970, -14 %
Skådevej 3, 573750, 12-03-2015, Andet, 7171, 4, 8270, Villa, 80, 1898
Krogagre 106, 4425000, 12-03-2015, Alm. Salg, 28548, 7, 8240, Villa, 155, 1998, -2 %
Adelvej 25B, 7375000, 11-03-2015, Alm. Salg, 38212, 5, 8240, Villa, 193, 1986, -2 %
Holme Møllevej 136, 3200000, 11-03-2015, Alm. Salg, 27350, 3, 8270, Villa, 117, 1956, -2 %
Julivej 24, 2000000, 11-03-2015, Fam. Salg, 8368, 6, 8210, Villa, 239, 1969
Haslevangsvej 46, 2200000, 11-03-2015, Alm. Salg, 26506, 3, 8210, Villa, 83, 1954, -8 %
Salamanderparken 105, 4162500, 11-03-2015, Alm. Salg, 23650, 6, 8260, Villa, 176, 2011, -3 %
Gurresøvej 8, 2650000, 10-03-2015, Alm. Salg, 18531, 6, 8240, Villa, 143, 1957, -8 %
Bakkegårdsvej 47, 2850000, 10-03-2015, Alm. Salg, 27403, 3, 8240, Villa, 104, 1937, -5 %
Januarvej 4, 865000, 10-03-2015, Andet, 5406, 7, 8210, Villa, 160, 1972
Grenåvej 13, 1100000, 09-03-2015, Fam. Salg, 10000, 4, 8200, Villa, 110, 1952
Vestre Strandalle 82, 4450000, 08-03-2015, Alm. Salg, 32481, 6, 8240, Villa, 137, 1939, -1 %
Søtoften 51, 4325000, 06-03-2015, Alm. Salg, 31340, 4, 8250, Villa, 138, 1969, -9 %
Kornmodsbakken 154, 2985000, 06-03-2015, Alm. Salg, 19900, 5, 8210, Villa, 150, 1978, 0 %
Egelundsvej 15, 5245000, 06-03-2015, Alm. Salg, 30672, 5, 8240, Villa, 171, 1978, 0 %
L.A.Rings Vej 25, 5998000, 06-03-2015, Alm. Salg, 33887, 5, 8270, Villa, 177, 2012, 0 %
L.A.Rings Vej 18A, 1821861, 05-03-2015, Andet, 15705, 4, 8270, Villa, 116, 1963
Præstevangsvej 54, 3450000, 05-03-2015, Alm. Salg, 25939, 6, 8210, Villa, 133, 1959, -1 %
Helenelyst 119, 1682500, 04-03-2015, Fam. Salg, 10785, 5, 8220, Villa, 156, 2006
Albert Naurs Vej 7A, 2450000, 04-03-2015, Alm. Salg, 19140, 6, 8270, Villa, 128, 1961
Rosenvangs Alle 120, 3495000, 04-03-2015, Alm. Salg, 23145, 6, 8270, Villa, 151, 1947, 0 %
Bispevænget 11, 1350000, 02-03-2015, Alm. Salg, 21093, 4, 8260, Villa, 64, 1928
Helgesgade 16, 2801000, 02-03-2015, Alm. Salg, 28581, 6, 8260, Villa, 98, 1912, -6 %
Volshøjvej 6, 3287500, 02-03-2015, Alm. Salg, 19685, 5, 8240, Villa, 167, 1965, -5 %
Christian Xs Vej 38, 2150000, 02-03-2015, Alm. Salg, 24712, 4, 8260, Villa, 87, 1939, -10 %
Rugbjergvej 54, 2875000, 02-03-2015, Alm. Salg, 16715, 6, 8260, Villa, 172, 1972, -4 %
Egebjergvej 85, 4498000, 01-03-2015, Alm. Salg, 23066, 7, 8220, Villa, 195, 1970, 0 %
Hamphøjvej 14, 2250000, 27-02-2015, Alm. Salg, 20270, 3, 8270, Villa, 111, 1953, -13 %
Skovvejen 127, 2175000, 26-02-2015, Alm. Salg, 36250, 2, 8000, Villa, 60, 1860, -9 %
Bushøjvænget 13, 1600000, 26-02-2015, Fam. Salg, 17021, 3, 8270, Villa, 94, 1958
Annekærvej 21, 3075000, 26-02-2015, Alm. Salg, 21654, 4, 8250, Villa, 142, 1912, -5 %
Nordre Strandvej 51, 5100000, 26-02-2015, Alm. Salg, 34000, 6, 8240, Villa, 150, 1936, -7 %
Egernvej 14, 5750000, 26-02-2015, Alm. Salg, 28894, 5, 8270, Villa, 199, 1957, -3 %
Jelshøjvej 41, 1442644, 26-02-2015, Andet, 4683, 10, 8270, Villa, 308, 1876
Arnakvej 72, 4800000, 25-02-2015, Alm. Salg, 30188, 7, 8270, Villa, 159, 1969, -8 %
Teglbakken 30, 5800000, 25-02-2015, Fam. Salg, 23293, 6, 8270, Villa, 249, 1972
Egå Strandvej 18, 2250000, 25-02-2015, Alm. Salg, 15306, 6, 8250, Villa, 147, 1972
Lykkesholms Alle 92, 2945000, 24-02-2015, Alm. Salg, 26531, 5, 8260, Villa, 111, 1953, -5 %
Rypevej 5, 5000000, 23-02-2015, Alm. Salg, 32258, 6, 8270, Villa, 155, 1961
Hyldevej 18, 14800000, 22-02-2015, Alm. Salg, 60655, 7, 8240, Villa, 244, 1916, -15 %
Almindingen 15, 2200000, 22-02-2015, Alm. Salg, 18487, 4, 8210, Villa, 119, 1947, -2 %
Ellensvej 5, 2250000, 20-02-2015, Alm. Salg, 15100, 4, 8220, Villa, 149, 1948, -2 %
Ydunsvej 27, 1250000, 19-02-2015, Alm. Salg, 9328, 6, 8230, Villa, 134, 1968
Minthøjvej 5, 2650000, 19-02-2015, Alm. Salg, 24311, 2, 8210, Villa, 109, 1954, -5 %
Skæringvangen 32, 4150000, 19-02-2015, Alm. Salg, 25460, 6, 8250, Villa, 163, 2003, -3 %
Bredkær Grønnevej 1, 2625000, 18-02-2015, Alm. Salg, 22629, 5, 8250, Villa, 116, 1966, -3 %
Bernstorffsvej 2A, 944000, 18-02-2015, Alm. Salg, 9632, 3, 8260, Villa, 98, 1965
Solbrinken 22, 3956000, 17-02-2015, Alm. Salg, 29303, 5, 8270, Villa, 135, 1953, -5 %
Agf Vej 2, 2570000, 17-02-2015, Alm. Salg, 17482, 5, 8260, Villa, 147, 1971, -8 %
Helenelyst 111, 3650000, 16-02-2015, Alm. Salg, 20505, 6, 8220, Villa, 178, 2006, -1 %
Espedalen 53, 2450000, 16-02-2015, Alm. Salg, 16225, 5, 8240, Villa, 151, 1966, -6 %
Vestergårdsvangen 131, 4100000, 16-02-2015, Alm. Salg, 24117, 5, 8260, Villa, 170, 2009, -2 %
Silkeborgvej 582, 2500000, 14-02-2015, Fam. Salg, 22935, 5, 8220, Villa, 109, 1956
Fuglsøvej 44, 3075000, 13-02-2015, Alm. Salg, 17083, 6, 8240, Villa, 180, 1958, -4 %
Risdalsvej 10, 2865000, 12-02-2015, Alm. Salg, 29234, 3, 8260, Villa, 98, 1934, -4 %
Olaf Rudes Vej 2A, 3545000, 12-02-2015, Alm. Salg, 32522, 3, 8270, Villa, 109, 1960, 0 %
Lyngbygårdsvej 46B, 2600000, 12-02-2015, Alm. Salg, 19402, 4, 8220, Villa, 134, 1990, -13 %
Vesborgvej 2, 2098000, 11-02-2015, Alm. Salg, 20173, 4, 8240, Villa, 104, 1962, 0 %
Spicavej 31, 3800000, 11-02-2015, Alm. Salg, 20879, 5, 8270, Villa, 182, 1963
Højrisvej 18, 5050000, 11-02-2015, Alm. Salg, 36861, 5, 8240, Villa, 137, 1958, -1 %
Tokkerbakken 10, 3725000, 10-02-2015, Alm. Salg, 25868, 4, 8240, Villa, 144, 1970, -2 %
Lykkenshøj 47, 2775000, 10-02-2015, Alm. Salg, 18500, 5, 8220, Villa, 150, 1974, -6 %
Hørmarks Alle 16, 3300000, 10-02-2015, Alm. Salg, 25581, 5, 8240, Villa, 129, 1964, -6 %
Hvedebjergvej 8, 802500, 10-02-2015, Andet, 6687, 5, 8220, Villa, 120, 1966, -65 %
Firkløvervej 8, 3675000, 10-02-2015, Alm. Salg, 35336, 3, 8240, Villa, 104, 1951, -1 %
Rosenvangs Alle 28, 3850000, 09-02-2015, Alm. Salg, 26736, 5, 8260, Villa, 144, 1920, -8 %
Klokkerfaldet 82, 3498000, 09-02-2015, Alm. Salg, 26300, 5, 8210, Villa, 133, 1967, 0 %
Aldersrovej 23A, 3750000, 09-02-2015, Alm. Salg, 34090, 7, 8200, Villa, 110, 1953, -5 %
Nordvestpassagen 80, 3695000, 08-02-2015, Alm. Salg, 29798, 5, 8200, Villa, 124, 1953, 0 %
Silkeborgvej 299, 3850000, 08-02-2015, Alm. Salg, 25838, 6, 8230, Villa, 149, 1936, -4 %
Munkevænget 1, 2200000, 06-02-2015, Alm. Salg, 20000, 4, 8250, Villa, 110, 1965, -4 %
Prins Knuds Vej 37B, 5550000, 06-02-2015, Alm. Salg, 47435, 4, 8240, Villa, 117, 1982, -2 %
Laurvigsgade 13, 3695000, 06-02-2015, Alm. Salg, 23535, 7, 8200, Villa, 157, 1937, -3 %
Vestre Skovvej 14, 6150000, 05-02-2015, Alm. Salg, 28738, 8, 8240, Villa, 214, 1937
Helenelyst 71, 3595000, 05-02-2015, Alm. Salg, 21398, 5, 8220, Villa, 168, 2006, 0 %
Skæring Hedevej 98, 2625000, 04-02-2015, Alm. Salg, 19021, 5, 8250, Villa, 138, 1975, -9 %
Strandmarksvej 32, 6000000, 04-02-2015, Alm. Salg, 37974, 5, 8240, Villa, 158, 1986
Helenelyst 13, 1532500, 04-02-2015, Fam. Salg, 8513, 5, 8220, Villa, 180, 2005
Dr.Holsts Vej 10, 2850000, 03-02-2015, Alm. Salg, 26388, 4, 8230, Villa, 108, 1930, -5 %
Marselisvej 19, 9100000, 03-02-2015, Alm. Salg, 30639, 9, 8000, Villa, 297, 1909, -8 %
Bakkedraget 18, 8995000, 03-02-2015, Alm. Salg, 63345, 6, 8270, Villa, 142, 2005, 0 %
Stavtrupvej 5C, 2900000, 02-02-2015, Alm. Salg, 17901, 5, 8260, Villa, 162, 2007, -6 %
Olaf Rudes Vej 6, 6100000, 02-02-2015, Alm. Salg, 38125, 7, 8270, Villa, 160, 1919, -3 %
Strandmarksvej 22, 4000000, 01-02-2015, Andet, 16460, 7, 8240, Villa, 243, 1984
Kalmargade 5, 1517212, 31-01-2015, Fam. Salg, 19451, 3, 8200, Villa, 78, 1934
Brabrand Skovvej 16, 3128000, 30-01-2015, Alm. Salg, 29509, 4, 8220, Villa, 106, 1962, 1 %
Tulipanvej 2, 3345000, 30-01-2015, Alm. Salg, 25534, 4, 8240, Villa, 131, 1954, -1 %
Skæring Egager 1, 3100000, 29-01-2015, Alm. Salg, 24218, 4, 8250, Villa, 128, 2000, -3 %
Nagelsvej 2, 5550000, 29-01-2015, Alm. Salg, 32647, 6, 8270, Villa, 170, 1912, -3 %
Dådyrvej 6, 4750000, 29-01-2015, Alm. Salg, 26388, 6, 8270, Villa, 180, 1960, -5 %
Damgårdsvej 21, 3298000, 29-01-2015, Alm. Salg, 28929, 4, 8260, Villa, 114, 1940, -3 %
Bülowsgade 25B, 3475000, 28-01-2015, Alm. Salg, 43987, 4, 8000, Villa, 79, 1886, -3 %
Søtoften 4, 5250000, 28-01-2015, Alm. Salg, 31250, 7, 8250, Villa, 168, 1966
Carl Jensens Vej 5, 5650000, 27-01-2015, Alm. Salg, 34242, 5, 8260, Villa, 165, 1938, -3 %
St.Blichers Vej 39, 2600000, 27-01-2015, Alm. Salg, 19847, 6, 8230, Villa, 131, 1956, -10 %
Solbjergvej 16, 3440000, 26-01-2015, Fam. Salg, 27967, 4, 8260, Villa, 123, 1915
Martsvej 15, 1998000, 26-01-2015, Alm. Salg, 16512, 4, 8210, Villa, 121, 1970, 0 %
Skejbytoften 12, 3600000, 26-01-2015, Alm. Salg, 23225, 6, 8200, Villa, 155, 1998
Hirsevangen 11, 3536000, 26-01-2015, Alm. Salg, 24901, 6, 8200, Villa, 142, 1954, -7 %
Bredkær Parkvej 26, 1500000, 23-01-2015, Alm. Salg, 8670, 7, 8250, Villa, 173, 1969
Lykkensdalsvej 47, 2620000, 23-01-2015, Alm. Salg, 17583, 6, 8220, Villa, 149, 1970, -3 %
Rampen 5, 2187500, 23-01-2015, Alm. Salg, 16698, 3, 8240, Villa, 131, 1902
J.P.Larsens Vej 56, 1600000, 23-01-2015, Alm. Salg, 16494, 4, 8220, Villa, 97, 1960, -9 %
Skjoldsgade 15, 4150000, 22-01-2015, Alm. Salg, 33467, 5, 8260, Villa, 124, 1913, -6 %
M.C.Holsts Vej 6A, 5550000, 22-01-2015, Alm. Salg, 31005, 6, 8270, Villa, 179, 2005, -5 %
J.L.Heibergs Vej 46, 4700000, 21-01-2015, Alm. Salg, 27647, 8, 8230, Villa, 170, 1952, -2 %
Møller Meyers Vej 12, 3600000, 21-01-2015, Alm. Salg, 19047, 5, 8240, Villa, 189, 1934, -5 %
Sigridsvej 10, 2100000, 21-01-2015, Alm. Salg, 15909, 5, 8220, Villa, 132, 1963, -4 %
Vibyvej 62, 2445000, 21-01-2015, Alm. Salg, 24696, 5, 8230, Villa, 99, 1944, -6 %
Flakvej 32, 8600000, 20-01-2015, Alm. Salg, 28762, 10, 8240, Villa, 299, 1932
Perlevej 6, 3005000, 20-01-2015, Alm. Salg, 18549, 7, 8250, Villa, 162, 1968, -7 %
Neptunvej 10, 2800000, 20-01-2015, Alm. Salg, 31111, 4, 8270, Villa, 90, 1959, 0 %
Strandvænget 1, 15750000, 20-01-2015, Alm. Salg, 47727, 9, 8240, Villa, 330, 1914, -10 %
Rensdyrvej 10, 4555000, 19-01-2015, Alm. Salg, 30777, 6, 8270, Villa, 148, 1959, -8 %
Jacob Adelborgs Alle 44, 6100000, 19-01-2015, Alm. Salg, 40131, 5, 8240, Villa, 152, 1976
Sophus Bauditz Vej 16, 4825000, 19-01-2015, Alm. Salg, 17673, 5, 8230, Villa, 273, 1953
Henrik Hertz Vej 40, 3425000, 18-01-2015, Alm. Salg, 33910, 4, 8230, Villa, 101, 1939, -2 %
Niels W.Gades Vej 19, 12000000, 18-01-2015, Alm. Salg, 33057, 7, 8000, Villa, 363, 1961
Skæring Sandager 89, 3325000, 16-01-2015, Alm. Salg, 23581, 4, 8250, Villa, 141, 1987, -5 %
Grøndalsvej 23, 1445000, 16-01-2015, Alm. Salg, 7487, 6, 8260, Villa, 193, 1972
Kystparkvej 10, 3295000, 16-01-2015, Alm. Salg, 20593, 6, 8250, Villa, 160, 1960, -3 %
Sejrs Alle 12, 5900000, 16-01-2015, Alm. Salg, 28921, 6, 8240, Villa, 204, 1930, -8 %
Bymandsvej 32B, 1300000, 16-01-2015, Andet, 15476, 3, 8200, Villa, 84, 1870
Helenelyst 97, 3500000, 16-01-2015, Alm. Salg, 20588, 5, 8220, Villa, 170, 2005, -3 %
Skæring Skolevej 247, 3100000, 15-01-2015, Alm. Salg, 20805, 6, 8250, Villa, 149, 1981, -3 %
Onsholtgårdsvej 50, 3700000, 15-01-2015, Alm. Salg, 22023, 5, 8260, Villa, 168, 2011, -1 %
H.C.Andersens Vej 60, 3750000, 14-01-2015, Alm. Salg, 24350, 6, 8230, Villa, 154, 1935, -6 %
Degnebakken 27, 695000, 14-01-2015, Fam. Salg, 5650, 8, 8210, Villa, 123, 1957
Skovagervej 3, 4125000, 13-01-2015, Alm. Salg, 30555, 4, 8240, Villa, 135, 1937, -4 %
Bjerringsvej 8, 2950000, 13-01-2015, Alm. Salg, 28095, 3, 8220, Villa, 105, 1964, -8 %
Selmersvej 5, 3250000, 13-01-2015, Alm. Salg, 15625, 6, 8260, Villa, 208, 1970, -1 %
Enebærvej 63, 2925000, 12-01-2015, Alm. Salg, 17205, 6, 8240, Villa, 170, 1957, -2 %
Teglgårdsvej 2, 1050000, 12-01-2015, Andet, 12209, 4, 8270, Villa, 86, 1958
Vølundsvej 7, 4940000, 09-01-2015, Alm. Salg, 28554, 7, 8230, Villa, 173, 1924, -1 %
Carl Jensens Vej 9, 2000000, 09-01-2015, Andet, 16000, 6, 8260, Villa, 125, 1936
Jens Søndergaards Vej 4, 2198000, 09-01-2015, Alm. Salg, 15812, 6, 8270, Villa, 139, 1961, 0 %
Hørhavevej 58B, 3550000, 08-01-2015, Fam. Salg, 14489, 5, 8270, Villa, 245, 1992
Solhøjvej 36, 2525000, 08-01-2015, Fam. Salg, 20867, 4, 8210, Villa, 121, 1960
Strandhusvej 35, 3100000, 08-01-2015, Fam. Salg, 88571, 1, 8250, Villa, 35, 2009
Lykkenshøj 55, 2650000, 07-01-2015, Alm. Salg, 16358, 5, 8220, Villa, 162, 1978
Provstebakken 34, 2375000, 07-01-2015, Andet, 12179, 8, 8210, Villa, 195, 1948
Jyllands Alle 90, 1700000, 05-01-2015, Alm. Salg, 14285, 5, 8270, Villa, 119, 1954
Edisonsvej 31, 3150000, 05-01-2015, Alm. Salg, 21140, 3, 8260, Villa, 149, 1980, -4 %
Annekærvej 17, 2250000, 05-01-2015, Alm. Salg, 13719, 5, 8250, Villa, 164, 1886, 2 %
Espedalen 6, 2350000, 02-01-2015, Alm. Salg, 16906, 6, 8240, Villa, 139, 1966, -6 %
Bakkehegnet 5, 2990000, 29-12-2014, Alm. Salg, 29029, 4, 8210, Villa, 103, 1922, -3 %
Oehlenschlægersvej 17, 3225000, 29-12-2014, Alm. Salg, 33947, 4, 8230, Villa, 95, 1960, -5 %
Vardøgade 1, 1978422, 29-12-2014, Andet, 16350, 5, 8200, Villa, 121, 1927
Søskrænten 29, 5495000, 23-12-2014, Andet, 21216, 8, 8260, Villa, 259, 1870
Klokkerbakken 86, 3375000, 23-12-2014, Alm. Salg, 23275, 4, 8210, Villa, 145, 1970, -4 %
Skåde Søpark 23, 9000000, 23-12-2014, Alm. Salg, 35856, 8, 8270, Villa, 251, 2002, -10 %
Klokkerbakken 85, 2800000, 22-12-2014, Alm. Salg, 20000, 5, 8210, Villa, 140, 1967, -7 %
Hellerupvej 9, 7000000, 22-12-2014, Alm. Salg, 33980, 7, 8000, Villa, 206, 1934
Nordre Strandvej 111A, 2265000, 21-12-2014, Alm. Salg, 31027, 3, 8240, Villa, 73, 1985, -2 %
Arnakvej 34, 2500000, 19-12-2014, Fam. Salg, 8802, 8, 8270, Villa, 284, 1969, -60 %
Ystadgade 7, 1689375, 19-12-2014, Fam. Salg, 10969, 5, 8200, Villa, 154, 1954
Haslevej 71, 3250000, 19-12-2014, Alm. Salg, 32828, 5, 8230, Villa, 99, 1950, -11 %
Åtoften 3, 2995000, 19-12-2014, Alm. Salg, 18602, 6, 8250, Villa, 161, 2002, 0 %
Alsvej 44, 3300000, 19-12-2014, Alm. Salg, 22916, 6, 8240, Villa, 144, 1952, -6 %
Mejlvej 9, 3200000, 19-12-2014, Alm. Salg, 25396, 4, 8240, Villa, 126, 1960, -9 %
Vermundsgade 20, 4700000, 18-12-2014, Alm. Salg, 37600, 3, 8260, Villa, 125, 1950, -4 %
Skt.Pauls Gade 50, 5495000, 18-12-2014, Alm. Salg, 51839, 5, 8000, Villa, 106, 1895
Sigridsvej 38, 1731000, 18-12-2014, Fam. Salg, 11313, 5, 8220, Villa, 153, 1964
Dråbyvej 14, 4500000, 18-12-2014, Alm. Salg, 28301, 5, 8240, Villa, 159, 1965, -5 %
Flakvej 8, 4900000, 17-12-2014, Alm. Salg, 31612, 6, 8240, Villa, 155, 1934, -4 %
Stenkløvervej 20, 2975000, 17-12-2014, Alm. Salg, 28066, 3, 8240, Villa, 106, 1957
Trondhjemsgade 14, 3525000, 16-12-2014, Alm. Salg, 28893, 4, 8200, Villa, 122, 1950, -2 %
Bakkekammen 10, 850000, 16-12-2014, Fam. Salg, 6343, 5, 8240, Villa, 134, 1958
Skovbrynet 20, 9000000, 16-12-2014, Alm. Salg, 43269, 6, 8000, Villa, 208, 1922, 1 %
Hirsevangen 10, 3790000, 16-12-2014, Alm. Salg, 27071, 5, 8200, Villa, 140, 1951, -5 %
Nedergårdsvej 8, 50000, 16-12-2014, Alm. Salg, 357, 5, 8200, Villa, 140, 1922
Gammel Holmevej 27, 3445000, 15-12-2014, Alm. Salg, 25518, 5, 8270, Villa, 135, 1951, -1 %
Bakkefaldet 33, 3660000, 14-12-2014, Alm. Salg, 23312, 6, 8210, Villa, 157, 1954, -2 %
Ludvig Holbergs Vej 32, 1782500, 12-12-2014, Fam. Salg, 7993, 5, 8230, Villa, 223, 1971
Elbækvej 3, 6100000, 12-12-2014, Alm. Salg, 35672, 5, 8240, Villa, 171, 1933, -6 %
Tousvej 82, 2825000, 12-12-2014, Alm. Salg, 15353, 4, 8230, Villa, 184, 1953, -13 %
Ved Stranden 107, 11000000, 11-12-2014, Alm. Salg, 58201, 5, 8250, Villa, 189, 2009, -4 %
Espedalen 31, 3850000, 11-12-2014, Alm. Salg, 18246, 6, 8240, Villa, 211, 1969, -4 %
Bredkær Tværvej 3, 3732500, 11-12-2014, Alm. Salg, 23328, 5, 8250, Villa, 160, 2014, 0 %
Lundshøjvej 26, 1925000, 11-12-2014, Alm. Salg, 19642, 4, 8270, Villa, 98, 1960, -4 %
Myntevej 13, 4420000, 11-12-2014, Alm. Salg, 26000, 5, 8240, Villa, 170, 1973, -5 %
Kalendervej 10, 2148000, 11-12-2014, Alm. Salg, 17463, 5, 8210, Villa, 123, 1969, -2 %
Bülowsgade 27, 3999000, 10-12-2014, Alm. Salg, 26838, 5, 8000, Villa, 149, 1885, 0 %
Dalvangen 21, 3900000, 10-12-2014, Alm. Salg, 20526, 5, 8270, Villa, 190, 1960, -7 %
Aage Jedichs Vej 13B, 2450000, 10-12-2014, Alm. Salg, 14161, 7, 8270, Villa, 173, 1992
Capellavej 26, 4675000, 09-12-2014, Alm. Salg, 26562, 7, 8270, Villa, 176, 1960, 0 %
Labyrinten 8, 2498000, 08-12-2014, Alm. Salg, 23129, 4, 8220, Villa, 108, 1964, 0 %
Enemærket 24, 3000000, 08-12-2014, Alm. Salg, 18987, 6, 8240, Villa, 158, 1969, -6 %
Tårnvej 1, 1543840, 08-12-2014, Andet, 9649, 5, 8260, Villa, 160, 1927
Toftesvinget 28, 2750000, 08-12-2014, Alm. Salg, 22727, 4, 8250, Villa, 121, 1966, -5 %
Bellisvej 6, 4100000, 07-12-2014, Alm. Salg, 29285, 4, 8240, Villa, 140, 1968, -2 %
Brabrand Skovvej 23D, 2455000, 06-12-2014, Alm. Salg, 15154, 6, 8220, Villa, 162, 1979, -4 %
Gammelsø Vænge 2, 550000, 06-12-2014, Alm. Salg, 7857, 4, 8260, Villa, 70, 1850
Katterhøjvej 21, 3860000, 05-12-2014, Alm. Salg, 24125, 4, 8270, Villa, 160, 1972, -3 %
Karensmindevej 25, 2475000, 05-12-2014, Alm. Salg, 14558, 7, 8260, Villa, 170, 1969, -3 %
Højvangsvej 48, 2600000, 04-12-2014, Alm. Salg, 20472, 5, 8260, Villa, 127, 1966, -5 %
Skt.Pauls Gade 5, 3050000, 04-12-2014, Fam. Salg, 7702, 4, 8000, Villa, 396, 1890
Skæring Hedevej 164, 2025000, 03-12-2014, Alm. Salg, 14568, 4, 8250, Villa, 139, 1973, -6 %
Åby Kirkevej 4, 3100000, 02-12-2014, Alm. Salg, 48437, 3, 8230, Villa, 64, 1933, -3 %
Vejlbygade 28, 3000000, 02-12-2014, Alm. Salg, 26548, 4, 8240, Villa, 113, 1907, 4 %
Bakkegårdsvej 24, 2800000, 01-12-2014, Alm. Salg, 18421, 5, 8240, Villa, 152, 1947, -5 %
Barthsgade 18, 5200000, 01-12-2014, Alm. Salg, 31515, 6, 8200, Villa, 165, 1913
Espedalen 56, 3098000, 01-12-2014, Alm. Salg, 20381, 5, 8240, Villa, 152, 1969, -3 %
Klintevej 38A, 2925000, 30-11-2014, Alm. Salg, 23780, 4, 8240, Villa, 123, 1964, -2 %
Agerbæksvej 5, 3600000, 30-11-2014, Alm. Salg, 26086, 4, 8240, Villa, 138, 1977, -3 %
Elverdalsvej 22A, 1619000, 30-11-2014, Fam. Salg, 7975, 5, 8270, Villa, 203, 2007
Kornmodsbakken 44, 3000000, 28-11-2014, Alm. Salg, 14423, 5, 8210, Villa, 208, 1978, -3 %
Viborgvej 129, 3050000, 28-11-2014, Alm. Salg, 21478, 4, 8210, Villa, 142, 1954, -2 %
Fuglesangs Alle 1, 3675000, 27-11-2014, Alm. Salg, 18846, 6, 8210, Villa, 195, 1937, -8 %
Helenelyst 87, 3500000, 26-11-2014, Alm. Salg, 23648, 4, 8220, Villa, 148, 2006, -2 %
Sandagervej 9, 9200000, 25-11-2014, Alm. Salg, 36800, 7, 8240, Villa, 250, 2009, -6 %
Majvej 6, 2365000, 25-11-2014, Alm. Salg, 13212, 5, 8210, Villa, 179, 1975, -5 %
Vibyvej 18, 3375000, 25-11-2014, Alm. Salg, 29605, 4, 8230, Villa, 114, 1960, -6 %
Uraniavej 22, 4750000, 25-11-2014, Alm. Salg, 30844, 8, 8270, Villa, 154, 1935, -5 %
Hestehavevej 2A, 4200000, 25-11-2014, Alm. Salg, 16470, 8, 8270, Villa, 255, 1960, -7 %
Salamanderparken 117, 3448000, 25-11-2014, Alm. Salg, 22986, 6, 8260, Villa, 150, 2011, -4 %
Vestre Kongevej 23, 3625000, 24-11-2014, Alm. Salg, 39835, 5, 8260, Villa, 91, 1927, -4 %
Lærkevej 9B, 5200000, 24-11-2014, Alm. Salg, 26130, 6, 8240, Villa, 199, 1977
Salamandervænget 7, 2000000, 24-11-2014, Alm. Salg, 14925, 5, 8260, Villa, 134, 1965, -16 %
G.C.Amdrups Vej 6, 3350000, 24-11-2014, Alm. Salg, 27685, 6, 8200, Villa, 121, 1940, -4 %
Skolesvinget 14, 4998000, 24-11-2014, Alm. Salg, 27311, 8, 8240, Villa, 183, 1952, 0 %
Gemmavej 11, 3400000, 24-11-2014, Alm. Salg, 26984, 4, 8270, Villa, 126, 1967, -3 %
Kanehaven 89, 3200000, 24-11-2014, Alm. Salg, 17777, 6, 8240, Villa, 180, 1970
Kastorvej 6, 5625000, 24-11-2014, Alm. Salg, 21972, 9, 8270, Villa, 256, 1968
Provsteparkvej 14, 3430000, 24-11-2014, Alm. Salg, 22866, 6, 8270, Villa, 150, 1977
Toftebakken 4, 2250000, 24-11-2014, Alm. Salg, 19736, 4, 8250, Villa, 114, 1968, -6 %
Themsvej 42B, 5200000, 24-11-2014, Alm. Salg, 29050, 6, 8240, Villa, 179, 1972, -3 %
Helgesvej 4, 4250000, 21-11-2014, Alm. Salg, 33464, 5, 8230, Villa, 127, 1912
Jarlsmindevej 164, 2250000, 21-11-2014, Alm. Salg, 20270, 4, 8260, Villa, 111, 1978, -5 %
Klokkerbakken 88, 3650000, 20-11-2014, Alm. Salg, 20505, 7, 8210, Villa, 178, 1969, -4 %
Spicavej 26, 3250000, 20-11-2014, Alm. Salg, 21381, 6, 8270, Villa, 152, 1961, -1 %
Egensvej 3, 3400000, 20-11-2014, Alm. Salg, 26771, 5, 8240, Villa, 127, 1955, -3 %
P.S.Krøyers Vej 23, 4800000, 20-11-2014, Alm. Salg, 30769, 8, 8270, Villa, 156, 1958, -4 %
Jagtvej 28, 3600000, 19-11-2014, Alm. Salg, 32142, 4, 8270, Villa, 112, 1959
Bushøjvej 214, 3550000, 19-11-2014, Alm. Salg, 19832, 6, 8270, Villa, 179, 1977
Uraniavej 23, 4995000, 19-11-2014, Alm. Salg, 39330, 4, 8270, Villa, 127, 1928, 0 %
Buggesgårdvej 59, 575000, 19-11-2014, Alm. Salg, 6318, 3, 8260, Villa, 91, 1909
Enemærket 13, 3150000, 18-11-2014, Alm. Salg, 19936, 5, 8240, Villa, 158, 1968, -4 %
Sydtoften 38, 2000000, 18-11-2014, Auktion, 12658, 6, 8260, Villa, 158, 1970
Brendstrupvej 119, 3525000, 18-11-2014, Alm. Salg, 30128, 4, 8200, Villa, 117, 1954, -2 %
Fredensvang Runddel 6, 2700000, 17-11-2014, Alm. Salg, 25714, 4, 8260, Villa, 105, 1960, -3 %
Kvædevej 49, 3895000, 17-11-2014, Alm. Salg, 15395, 6, 8270, Villa, 253, 1966, -3 %
Høskovvej 23, 4700000, 16-11-2014, Alm. Salg, 20982, 9, 8260, Villa, 224, 1946, -4 %
Bernstorffsvej 49, 3448000, 14-11-2014, Alm. Salg, 30245, 5, 8260, Villa, 114, 1933, 0 %
Oktobervej 21, 2335000, 14-11-2014, Alm. Salg, 21227, 4, 8210, Villa, 110, 1969, -3 %
Uraniavej 25, 3850000, 14-11-2014, Alm. Salg, 30078, 6, 8270, Villa, 128, 1956, -4 %
Miltonsvej 27, 5425000, 14-11-2014, Alm. Salg, 27398, 5, 8270, Villa, 198, 1950, -3 %
Dalvangen 38, 4800000, 13-11-2014, Alm. Salg, 31168, 7, 8270, Villa, 154, 1967, -4 %
Blomstervangen 52, 3075000, 13-11-2014, Alm. Salg, 23653, 4, 8250, Villa, 130, 1981, -8 %
Lykkensdalsvej 6C, 4150000, 13-11-2014, Alm. Salg, 25617, 5, 8220, Villa, 162, 1967, -3 %
Elverdalsvej 36, 3750000, 13-11-2014, Alm. Salg, 29296, 5, 8270, Villa, 128, 1949, -6 %
Besservej 17A, 2050000, 12-11-2014, Alm. Salg, 20707, 4, 8240, Villa, 99, 1983, -11 %
Dysagervej 8, 2550000, 11-11-2014, Alm. Salg, 15454, 4, 8230, Villa, 165, 1962, -5 %
Duevej 13, 3250000, 11-11-2014, Alm. Salg, 31553, 3, 8210, Villa, 103, 1934, -1 %
Klokkerbakken 35, 3240000, 10-11-2014, Alm. Salg, 24545, 3, 8210, Villa, 132, 1967, -2 %
Ellemarksvej 13, 5250000, 10-11-2014, Alm. Salg, 25000, 6, 8000, Villa, 210, 1934, -5 %
Porskær 17, 3748000, 10-11-2014, Alm. Salg, 19623, 4, 8220, Villa, 191, 2009, 0 %
Tranebærkæret 11, 3500000, 07-11-2014, Alm. Salg, 16908, 5, 8220, Villa, 207, 1994, -12 %
Reventlowsvej 15, 1020000, 07-11-2014, Fam. Salg, 6071, 6, 8260, Villa, 168, 1940
Rouloen 32, 5500000, 07-11-2014, Alm. Salg, 33536, 5, 8250, Villa, 164, 1967, -8 %
Dr.Holsts Vej 19, 2590000, 06-11-2014, Alm. Salg, 24666, 4, 8230, Villa, 105, 1990
Kornmodsbakken 138, 2750000, 06-11-2014, Alm. Salg, 16081, 6, 8210, Villa, 171, 1978, -5 %
Damagervej 8, 2500000, 06-11-2014, Alm. Salg, 17857, 4, 8260, Villa, 140, 1677, -17 %
Fuglsøvej 37, 2700000, 04-11-2014, Alm. Salg, 19014, 5, 8240, Villa, 142, 1960, -4 %
Højvangsvej 24, 2600000, 03-11-2014, Alm. Salg, 25742, 3, 8260, Villa, 101, 1965
Klokkerfaldet 57, 3300000, 03-11-2014, Alm. Salg, 15942, 7, 8210, Villa, 207, 1967, 0 %
Holmstruphøjvej 110, 1798000, 03-11-2014, Alm. Salg, 21662, 3, 8210, Villa, 83, 1981, 0 %
Jægerstien 3, 14350000, 02-11-2014, Alm. Salg, 42964, 10, 8270, Villa, 334, 1907, -7 %
Stationsgade 6, 2995000, 31-10-2014, Alm. Salg, 19575, 7, 8240, Villa, 153, 1891, 0 %
Nøjsomhedsvej 6, 2300000, 31-10-2014, Alm. Salg, 13372, 6, 8220, Villa, 172, 1934
Kanehaven 92, 3200000, 31-10-2014, Alm. Salg, 22695, 5, 8240, Villa, 141, 1970
Søndersøvej 16, 5200000, 31-10-2014, Alm. Salg, 28260, 6, 8240, Villa, 184, 2009, -5 %
Silkeborgvej 367, 2730000, 31-10-2014, Alm. Salg, 27029, 4, 8230, Villa, 101, 1922, -2 %
Lindevej 14, 4500000, 31-10-2014, Alm. Salg, 36585, 4, 8260, Villa, 123, 1945, -4 %
Højvangsvej 7, 3350000, 31-10-2014, Alm. Salg, 13729, 7, 8260, Villa, 244, 1964, -1 %
Erik Bøghs Vej 24, 3130000, 30-10-2014, Alm. Salg, 20592, 3, 8230, Villa, 152, 1957, -5 %
Højrisvej 7, 6000000, 30-10-2014, Alm. Salg, 31250, 6, 8240, Villa, 192, 1937, 0 %
Bakkevænget 17, 2210000, 29-10-2014, Alm. Salg, 15241, 4, 8200, Villa, 145, 1952, -15 %
Holmevej 203, 2015000, 29-10-2014, Alm. Salg, 14392, 4, 8270, Villa, 140, 1949, -12 %
Arnakvænge 10, 5425000, 28-10-2014, Alm. Salg, 25833, 5, 8270, Villa, 210, 1969, -6 %
Haldsøvej 10, 3200000, 28-10-2014, Alm. Salg, 22068, 5, 8240, Villa, 145, 1987, -4 %
J.P.Larsens Vej 32, 2250000, 28-10-2014, Alm. Salg, 18292, 3, 8220, Villa, 123, 1960, -4 %
Vølundsvej 19, 1804500, 27-10-2014, Fam. Salg, 10491, 6, 8230, Villa, 172, 1926
Sophus Bauditz Vej 58, 3025000, 27-10-2014, Alm. Salg, 29086, 3, 8230, Villa, 104, 1968, -2 %
Blomstervangen 42, 4850000, 24-10-2014, Alm. Salg, 20550, 7, 8250, Villa, 236, 1983, -3 %
Vilhelm Becks Vej 28, 4500000, 24-10-2014, Alm. Salg, 32608, 5, 8260, Villa, 138, 1951, -10 %
Høvej 50, 4250000, 24-10-2014, Alm. Salg, 37946, 4, 8200, Villa, 112, 1777
Smedegade 11, 3160000, 24-10-2014, Alm. Salg, 25483, 3, 8240, Villa, 124, 2008, -1 %
Egebjergvej 125, 2285000, 23-10-2014, Alm. Salg, 16801, 4, 8220, Villa, 136, 1970, -8 %
Vilhelm Becks Vej 24, 4225000, 23-10-2014, Alm. Salg, 32751, 5, 8260, Villa, 129, 1951, -4 %
Helgesvej 19, 1096000, 23-10-2014, Fam. Salg, 5425, 5, 8230, Villa, 202, 1926
Elsdyrvænget 44, 6750000, 23-10-2014, Alm. Salg, 30133, 6, 8270, Villa, 224, 1904, -10 %
Askvej 11, 4750000, 23-10-2014, Alm. Salg, 28614, 7, 8240, Villa, 166, 1960, -2 %
Onsholtvej 6B, 830500, 23-10-2014, Andet, 7761, 4, 8260, Villa, 107, 1998
Humlevej 1, 8500000, 22-10-2014, Alm. Salg, 38990, 6, 8240, Villa, 218, 1976, -6 %
Hørvej 5, 2810000, 22-10-2014, Alm. Salg, 28100, 5, 8260, Villa, 100, 1915, -1 %
Rishøjvej 11, 9900000, 22-10-2014, Alm. Salg, 22706, 15, 8240, Villa, 436, 1916, 1 %
Laskedalen 97, 3188000, 21-10-2014, Alm. Salg, 21835, 5, 8220, Villa, 146, 2005, 0 %
Elmsager 1, 2168000, 21-10-2014, Fam. Salg, 14951, 4, 8240, Villa, 145, 1972
Oddervej 96, 2175000, 21-10-2014, Alm. Salg, 21750, 3, 8270, Villa, 100, 1946, -9 %
L.A.Rings Vej 34, 3425000, 21-10-2014, Alm. Salg, 23784, 4, 8270, Villa, 144, 1960, -2 %
Ellemarksvej 17, 2750000, 21-10-2014, Alm. Salg, 12387, 6, 8000, Villa, 222, 1935
Søsterhøjvej 50, 3750000, 21-10-2014, Alm. Salg, 19946, 7, 8270, Villa, 188, 1980, -6 %
Klokkerfaldet 12, 3348000, 20-10-2014, Alm. Salg, 21461, 4, 8210, Villa, 156, 1969, 0 %
Ryslingevej 30, 2450000, 20-10-2014, Alm. Salg, 16333, 7, 8270, Villa, 150, 1963, -2 %
Agerbæksvej 8O, 3470000, 20-10-2014, Alm. Salg, 26287, 5, 8240, Villa, 132, 1969, -3 %
Brovej 4, 6100000, 19-10-2014, Alm. Salg, 27477, 8, 8250, Villa, 222, 1990, -5 %
Ulvehaven 8, 5290000, 17-10-2014, Fam. Salg, 27128, 8, 8270, Villa, 195, 1959
Vidtskuevej 17, 3200000, 17-10-2014, Alm. Salg, 24060, 6, 8260, Villa, 133, 1963, -3 %
Snebærvej 1, 3200000, 17-10-2014, Alm. Salg, 18823, 5, 8270, Villa, 170, 1961, -6 %
Lundshøjvej 28, 2900000, 17-10-2014, Alm. Salg, 24369, 4, 8270, Villa, 119, 1960, -3 %
Kvædevej 54, 2870000, 17-10-2014, Alm. Salg, 14947, 5, 8270, Villa, 192, 1972, -10 %
Magnoliavej 8, 4400000, 17-10-2014, Alm. Salg, 25142, 6, 8260, Villa, 175, 1939, -4 %
Ryvangs Alle 27, 8000000, 17-10-2014, Alm. Salg, 35087, 7, 8240, Villa, 228, 1930, -6 %
Enghaven 7, 980000, 16-10-2014, Fam. Salg, 10000, 3, 8250, Villa, 98, 1969
Årslev Markvej 25, 4360000, 16-10-2014, Alm. Salg, 25202, 5, 8220, Villa, 173, 2012, -3 %
Toftagervej 3, 3150000, 14-10-2014, Alm. Salg, 27876, 4, 8260, Villa, 113, 1934, -2 %
Egebjergvej 163, 3535000, 14-10-2014, Alm. Salg, 20200, 6, 8220, Villa, 175, 1970, -3 %
Vølundsvej 5, 4550000, 13-10-2014, Alm. Salg, 48404, 4, 8230, Villa, 94, 1924, -1 %
Prins Knuds Vej 47, 8000000, 13-10-2014, Alm. Salg, 29520, 8, 8240, Villa, 271, 1943, -8 %
Nordrevej 1, 3425000, 13-10-2014, Alm. Salg, 28305, 6, 8230, Villa, 121, 1916, -6 %
Randersvej 314, 2550000, 13-10-2014, Alm. Salg, 22173, 7, 8200, Villa, 115, 1957, -5 %
Lykkenshøj 48, 2350000, 13-10-2014, Alm. Salg, 17669, 3, 8220, Villa, 133, 1983, -6 %
Provsteparkvej 26, 1230127, 13-10-2014, Fam. Salg, 6308, 6, 8270, Villa, 195, 1976
Grimhøjvej 9A, 900000, 13-10-2014, Alm. Salg, 4787, 7, 8220, Villa, 188, 1965
Porskær 23, 3300000, 13-10-2014, Alm. Salg, 20370, 6, 8220, Villa, 162, 2008, -2 %
Labyrinten 6, 2600000, 10-10-2014, Alm. Salg, 24074, 4, 8220, Villa, 108, 1964, -4 %
Bævervej 6, 7400000, 10-10-2014, Alm. Salg, 39784, 5, 8270, Villa, 186, 1959, -5 %
Provsteparkvej 28, 2600000, 10-10-2014, Alm. Salg, 22033, 4, 8270, Villa, 118, 1978, -5 %
Jarlsmindevej 76, 2375000, 10-10-2014, Alm. Salg, 21396, 4, 8260, Villa, 111, 1979, -2 %
Skovdalsvej 8, 5350000, 10-10-2014, Alm. Salg, 29558, 7, 8260, Villa, 181, 1961, -11 %
Carit Etlars Vej 7, 3995000, 10-10-2014, Alm. Salg, 28535, 6, 8230, Villa, 140, 1922, 0 %
Stavtrupvej 9D, 2200000, 09-10-2014, Alm. Salg, 18032, 4, 8260, Villa, 122, 1980, -2 %
Februarvej 46, 2600000, 09-10-2014, Alm. Salg, 13684, 7, 8210, Villa, 190, 1977, -4 %
Holmegårdsvej 98, 3595000, 09-10-2014, Alm. Salg, 29710, 4, 8270, Villa, 121, 1915, 0 %
Strandbakkevej 2B, 1348270, 08-10-2014, Alm. Salg, 13090, 4, 8250, Villa, 103, 1963, -10 %
Elverdalsvej 73, 2700000, 07-10-2014, Alm. Salg, 27551, 4, 8270, Villa, 98, 1958
Terp Skovvej 90, 1033333, 07-10-2014, Fam. Salg, 6042, 6, 8270, Villa, 171, 1962
J.Skjoldborgs Vej 49, 2940000, 07-10-2014, Alm. Salg, 40273, 4, 8230, Villa, 73, 1935, -2 %
Bispevej 37X, 2900000, 07-10-2014, Alm. Salg, 18589, 5, 8260, Villa, 156, 1977, -8 %
Orionsvej 36B, 6000000, 07-10-2014, Alm. Salg, 33707, 5, 8270, Villa, 178, 2012, -3 %
Kirketoften 1, 3230000, 06-10-2014, Alm. Salg, 20187, 4, 8260, Villa, 160, 2005, -14 %
Høeg Hagens Vej 1, 2400000, 06-10-2014, Alm. Salg, 17777, 5, 8200, Villa, 135, 1936, -17 %
P.S.Krøyers Vej 27, 5575000, 06-10-2014, Alm. Salg, 32988, 4, 8270, Villa, 169, 1944, -2 %
Balagervej 19, 2800000, 05-10-2014, Alm. Salg, 28571, 4, 8260, Villa, 98, 1934, -15 %
H.C.Andersens Vej 58, 4250000, 03-10-2014, Alm. Salg, 30357, 5, 8230, Villa, 140, 1935, -5 %
Carinavej 10, 3775000, 03-10-2014, Alm. Salg, 17806, 6, 8270, Villa, 212, 1955, -6 %
Skæring Sandager 83, 3700000, 02-10-2014, Alm. Salg, 23717, 5, 8250, Villa, 156, 1988, -1 %
Teglbakken 53, 4750000, 02-10-2014, Alm. Salg, 28106, 7, 8270, Villa, 169, 1974
Hjortevænget 15, 7000000, 02-10-2014, Alm. Salg, 27450, 8, 8270, Villa, 255, 1969, -4 %
Salamanderparken 110, 5100000, 02-10-2014, Alm. Salg, 23394, 6, 8260, Villa, 218, 2011, -12 %
Tokkerbakken 20, 225000, 01-10-2014, Fam. Salg, 1285, 6, 8240, Villa, 175, 1969
Vesttoften 5, 3225000, 01-10-2014, Alm. Salg, 23035, 5, 8250, Villa, 140, 1966, -8 %
Neptunvej 19, 3925000, 01-10-2014, Alm. Salg, 31150, 5, 8270, Villa, 126, 1955, -2 %
Agerbæksvej 7B, 3050000, 01-10-2014, Alm. Salg, 19062, 7, 8240, Villa, 160, 1930
Tretommervej 26, 1845000, 01-10-2014, Alm. Salg, 14760, 6, 8240, Villa, 125, 1928
Toftedalen 8, 2550000, 01-10-2014, Alm. Salg, 18345, 6, 8250, Villa, 139, 1969, -10 %
Arendalsvej 17, 2949000, 01-10-2014, Alm. Salg, 21064, 4, 8200, Villa, 140, 1939
Firkløvervej 22, 4350000, 30-09-2014, Alm. Salg, 24438, 6, 8240, Villa, 178, 1955, -3 %
Sødalsvej 12, 4100000, 30-09-2014, Alm. Salg, 31538, 6, 8220, Villa, 130, 1933, -4 %
Borgvold 1A, 1920000, 30-09-2014, Fam. Salg, 10847, 7, 8260, Villa, 177, 1929
Årslev Markvej 19, 3650000, 30-09-2014, Alm. Salg, 18717, 7, 8220, Villa, 195, 2012, -4 %
Laskedalen 10, 3450000, 29-09-2014, Alm. Salg, 19491, 5, 8220, Villa, 177, 2007, -1 %
Aage Bergs Vej 1A, 3900000, 29-09-2014, Alm. Salg, 24683, 3, 8240, Villa, 158, 1925, -2 %
Nordvestpassagen 19, 4045000, 29-09-2014, Alm. Salg, 19541, 6, 8200, Villa, 207, 1945, -1 %
Carit Etlars Vej 29, 3600000, 29-09-2014, Alm. Salg, 23376, 7, 8230, Villa, 154, 1932, -5 %
Bymosevej 49, 1800000, 28-09-2014, Alm. Salg, 16071, 4, 8210, Villa, 112, 1973, -10 %
Kasted Tværvej 10, 1850000, 26-09-2014, Alm. Salg, 10511, 8, 8200, Villa, 176, 1964, 3 %
Holmevangen 24, 3230000, 26-09-2014, Alm. Salg, 21677, 5, 8270, Villa, 149, 1979, -5 %
Junivej 19, 1086089, 26-09-2014, Alm. Salg, 5746, 7, 8210, Villa, 189, 1970
Solsortevej 19, 3495000, 25-09-2014, Alm. Salg, 34603, 4, 8210, Villa, 101, 1937, 0 %
Visselbjergvej 2, 2312500, 25-09-2014, Alm. Salg, 15213, 5, 8250, Villa, 152, 1969, -6 %
Fredensgårdsvej 32, 2900000, 25-09-2014, Alm. Salg, 25000, 4, 8270, Villa, 116, 1958, -3 %
Lyngvej 12, 6350000, 24-09-2014, Alm. Salg, 28348, 8, 8240, Villa, 224, 1937, -5 %
Skovbrynet 40, 6800000, 24-09-2014, Alm. Salg, 46258, 4, 8000, Villa, 147, 1937, -3 %
Bragesvej 39, 4350000, 24-09-2014, Alm. Salg, 34523, 6, 8230, Villa, 126, 1923, -3 %
Vestre Strandalle 79, 3500000, 23-09-2014, Alm. Salg, 19774, 7, 8240, Villa, 177, 1946, -5 %
Vestre Strandalle 71, 3047000, 23-09-2014, Alm. Salg, 32414, 3, 8240, Villa, 94, 1954, -8 %
Thomas Thaarups Vej 38, 2400000, 23-09-2014, Alm. Salg, 19200, 5, 8230, Villa, 125, 1967, -2 %
Nøjsomhedsvej 10, 2350000, 23-09-2014, Alm. Salg, 14687, 3, 8220, Villa, 160, 1975, -6 %
Bygholms Alle 6, 2750000, 22-09-2014, Alm. Salg, 26960, 4, 8260, Villa, 102, 1950
Hjulbjergvej 18, 2500000, 22-09-2014, Alm. Salg, 17857, 6, 8270, Villa, 140, 1961, -9 %
Vestergårdsvangen 125, 1850000, 22-09-2014, Andet, 11490, 5, 8260, Villa, 161, 2010
Elmehøjen 4, 1912500, 22-09-2014, Alm. Salg, 11383, 5, 8200, Villa, 168, 1969, -4 %
Niels Bohrs Vej 23, 3200000, 19-09-2014, Alm. Salg, 22068, 5, 8260, Villa, 145, 1912, -6 %
Rosenvangs Alle 101, 2450000, 19-09-2014, Alm. Salg, 21491, 4, 8270, Villa, 114, 1965, -2 %
Fuglesangs Alle 63, 3150000, 19-09-2014, Alm. Salg, 31188, 4, 8210, Villa, 101, 1980, -2 %
Klintevej 36A, 3000000, 18-09-2014, Alm. Salg, 24193, 4, 8240, Villa, 124, 1966
Salamanderparken 119, 3675000, 18-09-2014, Alm. Salg, 24337, 4, 8260, Villa, 151, 2012, -1 %
Brinken 5, 3100000, 17-09-2014, Alm. Salg, 31000, 3, 8260, Villa, 100, 1969, -3 %
Sejrs Alle 29, 5050000, 17-09-2014, Alm. Salg, 39147, 4, 8240, Villa, 129, 1973
Solsikkevej 2, 2815000, 17-09-2014, Alm. Salg, 21007, 5, 8240, Villa, 134, 1959, -3 %
Holme Byvej 16B, 4145000, 16-09-2014, Alm. Salg, 17415, 8, 8270, Villa, 238, 1994, -1 %
Østre Strandalle 30, 2890000, 16-09-2014, Fam. Salg, 15537, 5, 8240, Villa, 186, 1967
Christian Xs Vej 40, 2900000, 16-09-2014, Alm. Salg, 19727, 5, 8260, Villa, 147, 1928, -3 %
Kærlundvej 24, 3085000, 16-09-2014, Alm. Salg, 17729, 5, 8260, Villa, 174, 2007, -6 %
Dybkjærvej 23C, 1100000, 15-09-2014, Andet, 11224, 3, 8200, Villa, 98, 1962
Hvedebjergvej 27, 2025000, 15-09-2014, Alm. Salg, 13064, 6, 8220, Villa, 155, 1965, -12 %
Gammelsø Vænge 7A, 2900000, 15-09-2014, Alm. Salg, 20567, 5, 8260, Villa, 141, 2011, -3 %
Klokkerfaldet 27, 3650000, 12-09-2014, Alm. Salg, 19414, 5, 8210, Villa, 188, 1969, -4 %
Holme Ringvej 121, 2895000, 12-09-2014, Alm. Salg, 29540, 4, 8260, Villa, 98, 1931, 0 %
Skovbrynet 10, 10500000, 12-09-2014, Alm. Salg, 31818, 8, 8000, Villa, 330, 1922
Hvedebjergvej 58, 1237500, 12-09-2014, Fam. Salg, 8088, 4, 8220, Villa, 153, 1972
Thomas Thaarups Vej 68, 2390000, 11-09-2014, Alm. Salg, 17071, 4, 8230, Villa, 140, 1966, -4 %
Lystrupvej 42, 2060000, 11-09-2014, Alm. Salg, 18558, 3, 8240, Villa, 111, 1953, -2 %
Haslevej 39, 4098000, 11-09-2014, Alm. Salg, 29063, 5, 8230, Villa, 141, 1931, 0 %
J.P.Larsens Vej 24, 2595000, 11-09-2014, Alm. Salg, 25194, 5, 8220, Villa, 103, 1959
Abildhøjvej 3, 2000000, 10-09-2014, Alm. Salg, 13888, 5, 8260, Villa, 144, 1968, -9 %
Søndervangs Alle 5, 2850000, 10-09-2014, Alm. Salg, 21111, 7, 8270, Villa, 135, 1923, -2 %
Hvedevangen 9, 1900000, 10-09-2014, Alm. Salg, 13571, 6, 8200, Villa, 140, 1949
Møllegangen 6, 1197225, 09-09-2014, Fam. Salg, 8738, 4, 8240, Villa, 137, 1958
Rosendalvej 1, 2500000, 09-09-2014, Alm. Salg, 12315, 7, 8260, Villa, 203, 1972, -9 %
Klokkerfaldet 107, 2900000, 09-09-2014, Alm. Salg, 20422, 4, 8210, Villa, 142, 1969, -3 %
Højkolvej 1, 3250000, 08-09-2014, Alm. Salg, 19117, 7, 8210, Villa, 170, 1929, 2 %
Avnbølvej 2, 3250000, 08-09-2014, Alm. Salg, 21959, 4, 8240, Villa, 148, 1954
Klokkerfaldet 75, 3550000, 08-09-2014, Alm. Salg, 19505, 5, 8210, Villa, 182, 1967, -4 %
Hellerupvej 12, 6500000, 08-09-2014, Alm. Salg, 32500, 9, 8000, Villa, 200, 1935, -6 %
Havtornvej 16, 2915000, 08-09-2014, Alm. Salg, 31010, 4, 8200, Villa, 94, 1972, -3 %
Elmsager 16, 3065000, 07-09-2014, Alm. Salg, 21892, 5, 8240, Villa, 140, 1970, -4 %
Vejlby Ringvej 54, 2700000, 07-09-2014, Alm. Salg, 14754, 9, 8200, Villa, 183, 1948
Skolevangs Alle 2A, 3650000, 05-09-2014, Alm. Salg, 31196, 4, 8240, Villa, 117, 1935, -4 %
Bredkær Vænge 8, 2250000, 04-09-2014, Alm. Salg, 19230, 5, 8250, Villa, 117, 1967, -4 %
Ludvig Holbergs Vej 31, 3225000, 04-09-2014, Alm. Salg, 22241, 3, 8230, Villa, 145, 1986, -5 %
Revelhøjvej 31, 3100000, 04-09-2014, Alm. Salg, 12015, 5, 8200, Villa, 258, 1964, -6 %
Sydtoften 32, 2150000, 04-09-2014, Alm. Salg, 10539, 6, 8260, Villa, 204, 1970, -10 %
Eugen Warmings Vej 13, 6200000, 04-09-2014, Alm. Salg, 48437, 5, 8000, Villa, 128, 1923, -5 %
Årslev Markvej 21, 4968000, 04-09-2014, Alm. Salg, 23106, 5, 8220, Villa, 215, 2012
Flakvej 3, 6650000, 03-09-2014, Alm. Salg, 35185, 6, 8240, Villa, 189, 1986
Grøndalsvej 15, 2400000, 03-09-2014, Alm. Salg, 16666, 5, 8260, Villa, 144, 1969, -14 %
Holme Parkvej 208, 2975000, 03-09-2014, Alm. Salg, 23991, 4, 8270, Villa, 124, 1987, -7 %
Kystparkvej 3, 2700000, 03-09-2014, Alm. Salg, 30681, 4, 8250, Villa, 88, 1960, -3 %
Stensagervej 5A, 480000, 03-09-2014, Alm. Salg, 3809, 4, 8260, Villa, 126, 2014, -80 %
Ternevej 18, 4400000, 02-09-2014, Alm. Salg, 24719, 9, 8240, Villa, 178, 1973, -4 %
Bredkær Grønnevej 12, 2865000, 01-09-2014, Alm. Salg, 21066, 5, 8250, Villa, 136, 1965, -4 %
Fuglesangs Alle 11, 3148000, 01-09-2014, Alm. Salg, 24593, 6, 8210, Villa, 128, 1926, 0 %
Lyngsiesvej 15, 2195000, 01-09-2014, Alm. Salg, 23602, 4, 8230, Villa, 93, 1957, 0 %
Rolfsgade 1, 3040000, 01-09-2014, Alm. Salg, 23384, 6, 8260, Villa, 130, 1926, -10 %
Teglbakken 1, 3850000, 01-09-2014, Alm. Salg, 22126, 6, 8270, Villa, 174, 1972, -4 %
Nyholmsvej 28, 5750000, 01-09-2014, Alm. Salg, 31767, 7, 8240, Villa, 181, 1955, -1 %
Kastaniebakken 9, 4225000, 01-09-2014, Alm. Salg, 38063, 5, 8240, Villa, 111, 1935, -2 %
Porskær 2, 2700000, 30-08-2014, Alm. Salg, 17088, 5, 8220, Villa, 158, 2008
Holmstrupgårdvej 164, 2175000, 29-08-2014, Alm. Salg, 20518, 4, 8210, Villa, 106, 1985, -5 %
Skovdalsvej 20, 3675000, 29-08-2014, Alm. Salg, 27222, 4, 8260, Villa, 135, 1980, -5 %
Kærtoften 12, 2525000, 29-08-2014, Alm. Salg, 30059, 5, 8210, Villa, 84, 1883, -5 %
Elyriavej 14, 1924000, 28-08-2014, Fam. Salg, 17333, 3, 8240, Villa, 111, 1981
Julivej 18, 2200000, 28-08-2014, Alm. Salg, 15384, 4, 8210, Villa, 143, 1969, -2 %
Søsterhøjvej 54, 3395000, 28-08-2014, Alm. Salg, 21903, 5, 8270, Villa, 155, 1980, -6 %
Holme Byvej 18A, 3940000, 28-08-2014, Alm. Salg, 24472, 5, 8270, Villa, 161, 2014, -1 %
Fenrisvej 19, 5600000, 27-08-2014, Alm. Salg, 22310, 8, 8230, Villa, 251, 1927, -7 %
Elmevej 7, 4675000, 27-08-2014, Alm. Salg, 32465, 4, 8240, Villa, 144, 1961, -4 %
Holmetoften 64, 3152005, 26-08-2014, Alm. Salg, 16946, 6, 8270, Villa, 186, 1975, -3 %
C.A.Thyregods Vej 8, 3415000, 25-08-2014, Alm. Salg, 31620, 4, 8230, Villa, 108, 1954, -2 %
Hestehavevej 7, 4200000, 22-08-2014, Alm. Salg, 17500, 8, 8270, Villa, 240, 1943, -7 %
Storskovvej 82, 925000, 22-08-2014, Alm. Salg, 9068, 4, 8260, Villa, 102, 1910, -16 %
Holme Møllevej 123, 4200000, 22-08-2014, Alm. Salg, 23595, 5, 8270, Villa, 178, 1957, -2 %
Merianvej 5B, 4400000, 21-08-2014, Alm. Salg, 33082, 4, 8240, Villa, 133, 1979, -2 %
Tranebærvej 17A, 1750000, 21-08-2014, Alm. Salg, 23026, 3, 8220, Villa, 76, 1937, -12 %
Guldbjergvej 6, 1995000, 21-08-2014, Alm. Salg, 21223, 4, 8270, Villa, 94, 1962
Rugbjergvej 122, 3175000, 20-08-2014, Alm. Salg, 17541, 5, 8260, Villa, 181, 1970, -5 %
Orionsvej 14, 4875000, 20-08-2014, Alm. Salg, 25390, 6, 8270, Villa, 192, 1954, -2 %
Uppsalagade 3, 2400000, 20-08-2014, Alm. Salg, 21428, 5, 8200, Villa, 112, 1955, -4 %
Henrik Hertz Vej 48, 3648000, 20-08-2014, Alm. Salg, 24648, 6, 8230, Villa, 148, 1954, -6 %
Hedevej 21, 2675000, 20-08-2014, Alm. Salg, 18971, 4, 8240, Villa, 141, 1962, -3 %
St.Blichers Vej 24, 2850000, 20-08-2014, Alm. Salg, 21428, 6, 8230, Villa, 133, 1933, -5 %
St.Blichers Vej 43, 3550000, 20-08-2014, Alm. Salg, 40804, 3, 8230, Villa, 87, 1930, -1 %
Solsikkevej 17, 2935000, 19-08-2014, Alm. Salg, 20241, 5, 8240, Villa, 145, 1956, -2 %
Skibbyvej 21, 3650000, 19-08-2014, Alm. Salg, 21470, 5, 8220, Villa, 170, 1900
Birketinget 8, 6826526, 19-08-2014, Alm. Salg, 36900, 8, 8000, Villa, 185, 1928
Rosenvangs Alle 109, 3025000, 19-08-2014, Alm. Salg, 30250, 4, 8270, Villa, 100, 1961, -2 %
Hejrebakken 32, 2995000, 18-08-2014, Alm. Salg, 23398, 5, 8220, Villa, 128, 1978, 0 %
Silkeborgvej 758, 1900000, 18-08-2014, Alm. Salg, 11875, 9, 8220, Villa, 160, 1903
Sandbjergvej 1, 3450000, 18-08-2014, Alm. Salg, 29237, 4, 8220, Villa, 118, 2006, -5 %
Sophus Bauditz Vej 30, 3798000, 18-08-2014, Alm. Salg, 30384, 3, 8230, Villa, 125, 1954, 0 %
Havtornvej 11, 3450000, 17-08-2014, Alm. Salg, 20294, 7, 8200, Villa, 170, 1965, -4 %
Runestenen 13, 2450000, 15-08-2014, Alm. Salg, 13461, 6, 8210, Villa, 182, 1972, -6 %
Regnersgade 5, 4800000, 15-08-2014, Alm. Salg, 38095, 5, 8260, Villa, 126, 1950, -2 %
Merianvej 23, 4300000, 15-08-2014, Alm. Salg, 26219, 6, 8240, Villa, 164, 1976
J.P.Larsens Vej 48, 2475000, 15-08-2014, Alm. Salg, 20454, 4, 8220, Villa, 121, 1959, -1 %
Klokkerbakken 36, 3600000, 14-08-2014, Alm. Salg, 18000, 7, 8210, Villa, 200, 1967, -5 %
Strandbyvej 14, 3200000, 14-08-2014, Alm. Salg, 24242, 4, 8240, Villa, 132, 1969, -8 %
Februarvej 36, 2544000, 14-08-2014, Alm. Salg, 16412, 5, 8210, Villa, 155, 1969, -6 %
Tværmarksvej 41, 2025000, 14-08-2014, Alm. Salg, 15697, 4, 8240, Villa, 129, 1977, -3 %
Enemærket 60, 3250000, 13-08-2014, Alm. Salg, 24436, 5, 8240, Villa, 133, 1971, -1 %
Holmevangen 23, 4235000, 13-08-2014, Alm. Salg, 29823, 6, 8270, Villa, 142, 1960, -1 %
Østrevej 37, 1998000, 13-08-2014, Alm. Salg, 20181, 4, 8210, Villa, 99, 1954, 0 %
Onsholtgårdsvej 36, 4450000, 13-08-2014, Alm. Salg, 20697, 6, 8260, Villa, 215, 2011
Hørhavevej 72, 2213800, 12-08-2014, Andet, 14758, 8, 8270, Villa, 150, 1955
Rislundvej 13, 6525000, 12-08-2014, Alm. Salg, 37500, 6, 8240, Villa, 174, 1934, -12 %
Mejlbyvej 7, 800000, 12-08-2014, Alm. Salg, 8000, 3, 8250, Villa, 100, 1900, -24 %
Hørvej 6, 1900000, 12-08-2014, Alm. Salg, 17431, 4, 8260, Villa, 109, 1915, -5 %
Tulipanvej 28, 8600000, 11-08-2014, Alm. Salg, 46994, 6, 8240, Villa, 183, 1959
Holmstrupgårdvej 192, 2300000, 11-08-2014, Alm. Salg, 17692, 5, 8210, Villa, 130, 1984, -7 %
Saturnvej 4, 4300000, 11-08-2014, Alm. Salg, 27922, 5, 8260, Villa, 154, 1959, -4 %
Korsagervej 11, 1225000, 11-08-2014, Alm. Salg, 13611, 4, 8230, Villa, 90, 1959
Råhøj Alle 17, 6000000, 11-08-2014, Alm. Salg, 46511, 5, 8270, Villa, 129, 2008, -3 %
Jyllands Alle 108, 2210000, 10-08-2014, Fam. Salg, 16014, 4, 8270, Villa, 138, 1953
Laurvigsgade 28, 3440000, 10-08-2014, Alm. Salg, 24225, 5, 8200, Villa, 142, 1958, -2 %
Tingvej 20, 3775000, 08-08-2014, Alm. Salg, 28383, 5, 8210, Villa, 133, 1952, -3 %
Ålundsvej 22, 2000000, 08-08-2014, Alm. Salg, 17857, 3, 8250, Villa, 112, 1963, -20 %
Carit Etlars Vej 26, 3375000, 08-08-2014, Alm. Salg, 32142, 4, 8230, Villa, 105, 1933, -4 %
J.Skjoldborgs Vej 9, 3450000, 07-08-2014, Alm. Salg, 32547, 4, 8230, Villa, 106, 1937, -5 %
Pihlkjærsvej 29, 2050000, 07-08-2014, Alm. Salg, 19902, 4, 8270, Villa, 103, 1956, -4 %
Skejbytoften 35, 3995000, 07-08-2014, Alm. Salg, 28133, 4, 8200, Villa, 142, 2000, 0 %
Chr.Winthers Vej 68, 3700000, 07-08-2014, Alm. Salg, 22839, 6, 8230, Villa, 162, 1929, -3 %
Bøgebjergvej 8, 3100000, 07-08-2014, Alm. Salg, 37804, 3, 8270, Villa, 82, 1947
Stavnsbakken 13, 3475000, 07-08-2014, Alm. Salg, 20203, 5, 8240, Villa, 172, 1958, -1 %
Fredericiagade 31, 4950000, 07-08-2014, Alm. Salg, 36666, 6, 8000, Villa, 135, 1890, -5 %
Johannes Ewalds Vej 66C, 2700000, 06-08-2014, Alm. Salg, 25000, 4, 8230, Villa, 108, 1984, -2 %
Sydtoften 11, 2065000, 05-08-2014, Alm. Salg, 13409, 5, 8260, Villa, 154, 1970, 0 %
Tromsøgade 7A, 3800000, 05-08-2014, Alm. Salg, 29687, 5, 8200, Villa, 128, 2012
Ryslingevej 1, 2350000, 04-08-2014, Alm. Salg, 23979, 3, 8270, Villa, 98, 1953, -9 %
Bredkær Tværvej 27, 3400000, 03-08-2014, Alm. Salg, 17000, 6, 8250, Villa, 200, 1967, -8 %
Vesborgvej 10, 3825000, 01-08-2014, Alm. Salg, 22767, 6, 8240, Villa, 168, 1963, -1 %
Hvedebjergvej 15, 2350000, 30-07-2014, Alm. Salg, 16785, 4, 8220, Villa, 140, 1968, -6 %
Jarlsmindevej 92, 2600000, 30-07-2014, Alm. Salg, 14054, 5, 8260, Villa, 185, 1980, -7 %
Grønvangen 9, 2500000, 30-07-2014, Alm. Salg, 17605, 5, 8260, Villa, 142, 1972, -4 %
Herredsvej 14, 3300000, 29-07-2014, Alm. Salg, 20496, 5, 8210, Villa, 161, 1962, -3 %
Særeng 10, 1540000, 29-07-2014, Alm. Salg, 7000, 7, 8200, Villa, 220, 1975
Timianvej 4, 1995000, 28-07-2014, Alm. Salg, 18820, 3, 8240, Villa, 106, 1956, 0 %
Skovkanten 5, 2800000, 28-07-2014, Alm. Salg, 16000, 4, 8260, Villa, 175, 1965, -3 %
Åbrovej 3, 1045896, 28-07-2014, Fam. Salg, 6225, 5, 8250, Villa, 168, 1949
Åbyvej 40, 3650000, 25-07-2014, Alm. Salg, 27651, 6, 8230, Villa, 132, 1908, -4 %
M.C.Holsts Vej 14A, 3075000, 24-07-2014, Alm. Salg, 19711, 4, 8270, Villa, 156, 1962, -11 %
Harald Kiddes Vej 42, 3650000, 24-07-2014, Alm. Salg, 19729, 6, 8230, Villa, 185, 1968, -4 %
Skovagervej 4, 2825000, 23-07-2014, Alm. Salg, 27970, 6, 8240, Villa, 101, 1927, -6 %
Cort Adelers Gade 19, 4400000, 22-07-2014, Alm. Salg, 29333, 5, 8200, Villa, 150, 1918, -3 %
Åkirkebyvej 12, 1995000, 22-07-2014, Alm. Salg, 40714, 3, 8210, Villa, 49, 1947, 0 %
Rosendalvej 23, 3000000, 22-07-2014, Alm. Salg, 13043, 7, 8260, Villa, 230, 1974, 0 %
Egernvej 6, 6500000, 22-07-2014, Alm. Salg, 51587, 7, 8270, Villa, 126, 1954, -10 %
Hørhavevej 53, 4410000, 21-07-2014, Alm. Salg, 24500, 5, 8270, Villa, 180, 1958, -8 %
Langdalsvej 47, 3225000, 18-07-2014, Alm. Salg, 13841, 7, 8220, Villa, 233, 1976, -5 %
Balagervej 58, 3100000, 18-07-2014, Alm. Salg, 29807, 3, 8260, Villa, 104, 1959, -3 %
Klokkerfaldet 22, 3695000, 18-07-2014, Alm. Salg, 25839, 4, 8210, Villa, 143, 1967, 0 %
Herredsvej 24, 2010000, 18-07-2014, Alm. Salg, 23928, 5, 8210, Villa, 84, 1926, 1 %
Fuglsøvej 16, 2600000, 18-07-2014, Alm. Salg, 17333, 5, 8240, Villa, 150, 1958, 0 %
Christian Xs Vej 168, 2300000, 18-07-2014, Alm. Salg, 24731, 4, 8270, Villa, 93, 1953, -3 %
Ålykkevej 37, 2650000, 17-07-2014, Alm. Salg, 18928, 5, 8240, Villa, 140, 1976
Hellerupvej 10, 5095000, 17-07-2014, Alm. Salg, 47175, 4, 8000, Villa, 108, 1934, 0 %
Duevej 18, 2648000, 17-07-2014, Alm. Salg, 22827, 5, 8210, Villa, 116, 1934, 0 %
Bornholmsvej 11, 3020000, 17-07-2014, Alm. Salg, 26034, 4, 8210, Villa, 116, 1948, -2 %
Michael Anchers Vej 15B, 2350000, 17-07-2014, Alm. Salg, 13352, 5, 8270, Villa, 176, 2015
Klokkerbakken 40, 2800000, 16-07-2014, Alm. Salg, 16969, 5, 8210, Villa, 165, 1968
Jyllands Alle 101, 3375000, 16-07-2014, Alm. Salg, 24456, 6, 8270, Villa, 138, 1953, -4 %
Libravej 21, 4737500, 16-07-2014, Alm. Salg, 24294, 6, 8270, Villa, 195, 1930, -5 %
Annekærvej 22, 1600000, 15-07-2014, Andet, 6015, 8, 8250, Villa, 266, 1892, -57 %
Laskedalen 31, 3300000, 14-07-2014, Alm. Salg, 24626, 5, 8220, Villa, 134, 2006
Silkeborgvej 205, 4500000, 14-07-2014, Alm. Salg, 17857, 8, 8230, Villa, 252, 1914, -10 %
Haslehøjvej 5A, 5700000, 13-07-2014, Alm. Salg, 21673, 10, 8210, Villa, 263, 1965, -12 %
Snebærvej 8, 3550000, 11-07-2014, Alm. Salg, 19613, 7, 8270, Villa, 181, 1964, -4 %
Kornmodsbakken 50, 3300000, 10-07-2014, Alm. Salg, 14163, 6, 8210, Villa, 233, 1978, -3 %
Bygvangen 9, 2930000, 10-07-2014, Alm. Salg, 25701, 4, 8200, Villa, 114, 1950, -5 %
Bushøjvej 203, 1850000, 10-07-2014, Andet, 10393, 5, 8270, Villa, 178, 1991
Klintevej 31A, 3525000, 10-07-2014, Alm. Salg, 22169, 5, 8240, Villa, 159, 1927, -1 %
Bredkær Tværvej 18, 1842500, 10-07-2014, Andet, 11166, 6, 8250, Villa, 165, 1965
Oehlenschlægersvej 13, 2350000, 09-07-2014, Alm. Salg, 30128, 3, 8230, Villa, 78, 1935, -10 %
Pallisvej 59, 2495000, 08-07-2014, Alm. Salg, 17326, 3, 8220, Villa, 144, 1965, -2 %
Tousvej 104, 615000, 08-07-2014, Fam. Salg, 5347, 6, 8230, Villa, 115, 1936
Skolevangs Alle 4D, 3075000, 08-07-2014, Alm. Salg, 25625, 5, 8240, Villa, 120, 1954, -7 %
Rosendalvej 65, 2728000, 08-07-2014, Alm. Salg, 22000, 5, 8260, Villa, 124, 1972, 0 %
Klokkervej 16, 3600000, 08-07-2014, Alm. Salg, 26086, 6, 8210, Villa, 138, 1955, -3 %
Langvadsvej 11, 3400000, 08-07-2014, Alm. Salg, 20359, 6, 8260, Villa, 167, 1930, -5 %
Porskær 3, 3900000, 08-07-2014, Alm. Salg, 22674, 5, 8220, Villa, 172, 2008, -5 %
Stadion Alle 52, 6000000, 07-07-2014, Alm. Salg, 29702, 7, 8000, Villa, 202, 1937, -9 %
Voldbjergvej 10, 1600000, 07-07-2014, Alm. Salg, 16326, 3, 8240, Villa, 98, 1933, 0 %
Helenelyst 73, 3250000, 07-07-2014, Alm. Salg, 21959, 5, 8220, Villa, 148, 2006, -1 %
Rosenvangs Alle 183, 1890008, 07-07-2014, Andet, 12038, 5, 8270, Villa, 157, 1938
Brorsonsvej 7A, 1278764, 04-07-2014, Fam. Salg, 9005, 6, 8260, Villa, 142, 1939
Tingvej 17, 3850000, 04-07-2014, Alm. Salg, 32083, 5, 8210, Villa, 120, 1951, -1 %
Grumstolsvej 2, 1917500, 04-07-2014, Andet, 13894, 4, 8270, Villa, 138, 1934
Oddervej 168, 2500000, 04-07-2014, Fam. Salg, 10593, 7, 8270, Villa, 236, 1940
Stenkildevej 35, 2125000, 04-07-2014, Alm. Salg, 19675, 5, 8260, Villa, 108, 1961, -1 %
Storskovvej 80, 1500000, 03-07-2014, Alm. Salg, 9554, 5, 8260, Villa, 157, 1939, -17 %
Michael Anchers Vej 17, 4695000, 03-07-2014, Alm. Salg, 36968, 5, 8270, Villa, 127, 1925, 0 %
Rosenholms Alle 11, 1825000, 03-07-2014, Alm. Salg, 15869, 4, 8260, Villa, 115, 1952, -3 %
Neptunvej 25, 4400000, 02-07-2014, Alm. Salg, 25882, 6, 8270, Villa, 170, 1954, -2 %
Vangen 17, 3275000, 02-07-2014, Alm. Salg, 20341, 5, 8270, Villa, 161, 1960, -6 %
Sophus Bauditz Vej 53, 3978000, 02-07-2014, Alm. Salg, 23263, 6, 8230, Villa, 171, 1967, -1 %
Bakkegårdsvej 29B, 2075000, 01-07-2014, Auktion, 16468, 4, 8240, Villa, 126, 1959
Rosenvangs Alle 35, 3562500, 01-07-2014, Alm. Salg, 22265, 5, 8260, Villa, 160, 1938, -6 %
Enghavevej 37, 2025000, 01-07-2014, Alm. Salg, 15576, 4, 8260, Villa, 130, 1936, -8 %
Skæring Sandager 57, 4020000, 30-06-2014, Alm. Salg, 21847, 6, 8250, Villa, 184, 1988, -6 %
Stavtrupvej 60, 2825000, 30-06-2014, Alm. Salg, 18464, 6, 8260, Villa, 153, 1995, -4 %
Uppsalagade 1, 2100000, 30-06-2014, Alm. Salg, 22826, 4, 8200, Villa, 92, 1947, -19 %
Baldrianvej 71, 3025000, 30-06-2014, Alm. Salg, 19901, 5, 8240, Villa, 152, 1983, -2 %
Holme Parkvej 268, 3600000, 30-06-2014, Fam. Salg, 18848, 5, 8270, Villa, 191, 2003
Bygvangen 2, 4400000, 29-06-2014, Alm. Salg, 24858, 7, 8200, Villa, 177, 1953
Skæring Hedevej 232, 4675000, 29-06-2014, Alm. Salg, 24097, 6, 8250, Villa, 194, 1976, 0 %
Porsgrunnsvej 59, 1500000, 29-06-2014, Alm. Salg, 14851, 3, 8200, Villa, 101, 1947, -5 %
Frodesvej 29, 3800000, 27-06-2014, Alm. Salg, 26760, 7, 8230, Villa, 142, 1904
Bushøjvej 266, 2395000, 27-06-2014, Alm. Salg, 13843, 5, 8270, Villa, 173, 2015, -4 %
Solagervej 9, 2225000, 27-06-2014, Andet, 14932, 6, 8250, Villa, 149, 1966
Holmetoften 10, 3375000, 26-06-2014, Alm. Salg, 18960, 7, 8270, Villa, 178, 1974, -3 %
Elmehøjvej 37, 4850000, 26-06-2014, Alm. Salg, 32770, 5, 8270, Villa, 148, 2004, -3 %
H.P.Jensens Vej 11, 3670000, 25-06-2014, Alm. Salg, 34622, 4, 8270, Villa, 106, 1966, -3 %
Hougårdsvej 22, 3300000, 25-06-2014, Alm. Salg, 25781, 4, 8220, Villa, 128, 1952, -6 %
Casper Møllers Vej 16, 3100000, 25-06-2014, Fam. Salg, 20000, 4, 8240, Villa, 155, 1990
Skæring Havvej 15, 4095000, 25-06-2014, Alm. Salg, 23670, 4, 8250, Villa, 173, 1983, -4 %
Hamphøjvej 17, 3300000, 25-06-2014, Alm. Salg, 23239, 5, 8270, Villa, 142, 1956, -6 %
Holmevej 172, 2200000, 25-06-2014, Alm. Salg, 19298, 4, 8270, Villa, 114, 1961, -12 %
Sejrs Alle 22, 8725000, 25-06-2014, Alm. Salg, 41155, 5, 8240, Villa, 212, 1973, -5 %
Laskedalen 86, 1280161, 25-06-2014, Alm. Salg, 7399, 5, 8220, Villa, 173, 2015
Laskedalen 105, 1247836, 25-06-2014, Alm. Salg, 7948, 5, 8220, Villa, 157, 2015
Kirketoften 6A, 2170000, 25-06-2014, Alm. Salg, 22371, 4, 8260, Villa, 97, 1902
Laskedalen 92, 1441600, 25-06-2014, Alm. Salg, 7964, 4, 8220, Villa, 181, 2015
Laskedalen 76, 1161368, 25-06-2014, Alm. Salg, 5255, 5, 8220, Villa, 221, 2015
Latyrusvej 6, 1650000, 24-06-2014, Alm. Salg, 13750, 5, 8240, Villa, 120, 1955, -8 %
Balagervej 45, 3300000, 24-06-2014, Alm. Salg, 18539, 5, 8260, Villa, 178, 1972
Blomstervangen 22, 4550000, 24-06-2014, Alm. Salg, 26453, 7, 8250, Villa, 172, 1980, -5 %
Langtoftevej 2, 1998000, 24-06-2014, Alm. Salg, 18163, 5, 8260, Villa, 110, 1967, 0 %
Kvædevej 10, 2700000, 24-06-2014, Alm. Salg, 25961, 4, 8270, Villa, 104, 1962, -3 %
Grumstolsvej 49, 2970000, 24-06-2014, Alm. Salg, 22671, 4, 8270, Villa, 131, 1969, -10 %
Blåmejsevej 10, 3350000, 24-06-2014, Alm. Salg, 22789, 6, 8210, Villa, 147, 1927
Grenåvej 129, 3750000, 24-06-2014, Alm. Salg, 20270, 6, 8240, Villa, 185, 1929, -6 %
Johan Langes Vej 6, 3850000, 23-06-2014, Alm. Salg, 21751, 8, 8000, Villa, 177, 1941, -4 %
Jupitervej 5, 2350000, 23-06-2014, Fam. Salg, 17938, 5, 8270, Villa, 131, 1954
Kasted Byvej 20, 1150000, 23-06-2014, Alm. Salg, 8333, 5, 8200, Villa, 138, 1898, -18 %
Lindevej 30, 5200000, 23-06-2014, Alm. Salg, 34899, 7, 8260, Villa, 149, 1909, -2 %
Ormslevvej 114, 3250000, 23-06-2014, Alm. Salg, 13319, 5, 8260, Villa, 244, 1947, -7 %
Kærvej 5A, 3645000, 20-06-2014, Alm. Salg, 25489, 3, 8230, Villa, 143, 1850, -1 %
Gammel Holmevej 26, 2995000, 20-06-2014, Alm. Salg, 28798, 3, 8270, Villa, 104, 1952, 0 %
Pallisvej 22, 2500000, 20-06-2014, Alm. Salg, 14450, 6, 8220, Villa, 173, 1966, -4 %
Jeppe Aakjærs Vej 48, 2360000, 19-06-2014, Alm. Salg, 29135, 2, 8230, Villa, 81, 1936, -9 %
Østrevej 3, 3150000, 19-06-2014, Alm. Salg, 30882, 2, 8210, Villa, 102, 1927, -2 %
Stenbækvej 11, 2068000, 19-06-2014, Alm. Salg, 20077, 4, 8220, Villa, 103, 1955, -1 %
Thornbæks Alle 1A, 1700000, 19-06-2014, Fam. Salg, 19540, 4, 8270, Villa, 87, 1959
Elevvej 6, 1850000, 19-06-2014, Alm. Salg, 14122, 4, 8200, Villa, 131, 1850
Fritz Sybergs Vej 24, 3495000, 18-06-2014, Alm. Salg, 27738, 5, 8270, Villa, 126, 1950, 0 %
Bredkær Tværvej 21, 2400000, 18-06-2014, Alm. Salg, 17266, 5, 8250, Villa, 139, 1969, -4 %
Byløkken 41, 2700000, 18-06-2014, Alm. Salg, 20610, 3, 8240, Villa, 131, 1967, -4 %
Holmstruphøjvej 113, 2898000, 18-06-2014, Alm. Salg, 21466, 5, 8210, Villa, 135, 1981, 0 %
Jacob Adelborgs Alle 19, 1883333, 17-06-2014, Andet, 10180, 5, 8240, Villa, 185, 1991
Langdalsvej 17, 3850000, 17-06-2014, Alm. Salg, 20588, 6, 8220, Villa, 187, 1912, -3 %
Holmstruphøjvej 83, 1800000, 17-06-2014, Auktion, 15789, 5, 8210, Villa, 114, 1981
Hoffmannsvej 1, 3175000, 16-06-2014, Alm. Salg, 19478, 6, 8220, Villa, 163, 1911, -12 %
Haldsøvej 18, 2100000, 16-06-2014, Alm. Salg, 15555, 6, 8240, Villa, 135, 1998
Bækkelundsvej 25A, 4130000, 15-06-2014, Alm. Salg, 28287, 5, 8240, Villa, 146, 1962, -8 %
Hovedgaden 24, 1498000, 13-06-2014, Alm. Salg, 11096, 4, 8220, Villa, 135, 1902, 0 %
Bakholmsvej 3, 3450000, 13-06-2014, Alm. Salg, 20535, 7, 8260, Villa, 168, 1956, -7 %
Holmstruphøjvej 97, 2250000, 13-06-2014, Alm. Salg, 18907, 4, 8210, Villa, 119, 1981, -2 %
Nedergårdsvej 45, 1400000, 12-06-2014, Fam. Salg, 6060, 7, 8200, Villa, 231, 1883
Langelandsgade 127, 3527500, 12-06-2014, Fam. Salg, 17549, 8, 8000, Villa, 201, 1910
Lauge Kochs Vej 8, 1325500, 12-06-2014, Andet, 10864, 7, 8200, Villa, 122, 1935
Vedbendvej 3, 9500000, 12-06-2014, Alm. Salg, 37698, 8, 8240, Villa, 252, 1950
Nellikevej 28, 1850000, 12-06-2014, Alm. Salg, 14230, 5, 8240, Villa, 130, 1960, -12 %
Jernaldervej 326, 2125000, 12-06-2014, Alm. Salg, 16865, 4, 8210, Villa, 126, 1983, -8 %
Egelundsvej 6, 4950000, 12-06-2014, Alm. Salg, 37218, 5, 8240, Villa, 133, 1952, -7 %
Nordre Strandvej 42, 3800000, 12-06-2014, Alm. Salg, 30894, 6, 8240, Villa, 123, 1928, -9 %
Højagervej 6C, 5000000, 12-06-2014, Alm. Salg, 26595, 5, 8240, Villa, 188, 1964, -5 %
Engmarksvej 13A, 3300000, 12-06-2014, Alm. Salg, 23741, 5, 8240, Villa, 139, 1972, -6 %
Lykkensdalsvej 59, 2550000, 12-06-2014, Alm. Salg, 17957, 5, 8220, Villa, 142, 1971, -4 %
Tromsøgade 16, 2995000, 11-06-2014, Alm. Salg, 23960, 5, 8200, Villa, 125, 1966, 0 %
Hørhavevej 55, 7625000, 11-06-2014, Alm. Salg, 46779, 6, 8270, Villa, 163, 1956, -3 %
Ormslevvej 354, 2505000, 11-06-2014, Alm. Salg, 8946, 8, 8260, Villa, 280, 1920, -9 %
Siriusvej 6A, 4100000, 11-06-2014, Alm. Salg, 18385, 6, 8270, Villa, 223, 1973, -8 %
Michael Anchers Vej 15A, 2350000, 11-06-2014, Alm. Salg, 22815, 5, 8270, Villa, 103, 1947, 2 %
Ørnegårdsvej 22, 1500000, 11-06-2014, Alm. Salg, 8875, 4, 8270, Villa, 169, 2015, 0 %
Elhøjvej 4, 2550000, 11-06-2014, Alm. Salg, 17465, 4, 8210, Villa, 146, 1959, -7 %
Rugbjergvej 131, 3148000, 10-06-2014, Alm. Salg, 19798, 6, 8260, Villa, 159, 1973, 0 %
Engdalsvej 81, 2498000, 10-06-2014, Alm. Salg, 19669, 4, 8220, Villa, 127, 1948, 0 %
Kresten Kolds Vej 12, 3325000, 10-06-2014, Alm. Salg, 36538, 3, 8230, Villa, 91, 1954, -2 %
Skejbybakkevej 38, 2575000, 10-06-2014, Alm. Salg, 21458, 6, 8200, Villa, 120, 1948, -1 %
Ellebjergvej 9, 3175000, 06-06-2014, Alm. Salg, 23175, 4, 8240, Villa, 137, 1960, -9 %
Engdalsvej 78C, 2600000, 06-06-2014, Alm. Salg, 14942, 6, 8220, Villa, 174, 1964, -5 %
Vorbjergbakken 10, 2150000, 06-06-2014, Alm. Salg, 21938, 4, 8240, Villa, 98, 1965, -2 %
Nordvestpassagen 79, 3825000, 06-06-2014, Alm. Salg, 25500, 6, 8200, Villa, 150, 1953, -1 %
Hans Tausens Vej 27, 2300000, 06-06-2014, Alm. Salg, 18253, 5, 8260, Villa, 126, 1956, -8 %
Engblommevej 37, 2550000, 05-06-2014, Alm. Salg, 19767, 6, 8240, Villa, 129, 1985, -7 %
Prins Knuds Vej 10, 4900000, 05-06-2014, Alm. Salg, 24378, 8, 8240, Villa, 201, 1930, -2 %
Dybkjærvej 26, 2560000, 04-06-2014, Alm. Salg, 22857, 3, 8200, Villa, 112, 1938, -1 %
Kristtornvej 12, 1955000, 04-06-2014, Fam. Salg, 15393, 4, 8200, Villa, 127, 1957
Chr.Winthers Vej 7, 2600000, 04-06-2014, Alm. Salg, 22608, 5, 8230, Villa, 115, 1929, -7 %
Enebærvej 59, 2900000, 03-06-2014, Alm. Salg, 18831, 4, 8240, Villa, 154, 1958, -11 %
Nagelsvej 10, 3398000, 03-06-2014, Alm. Salg, 53093, 3, 8270, Villa, 64, 1907, 0 %
Novembervej 25, 2575000, 03-06-2014, Alm. Salg, 22787, 4, 8210, Villa, 113, 1969, 0 %
Bynkevej 14, 2900000, 03-06-2014, Alm. Salg, 22137, 5, 8240, Villa, 131, 1950, -3 %
Søtoften 7, 3498000, 02-06-2014, Alm. Salg, 28672, 4, 8250, Villa, 122, 1967, 0 %
Skådevej 1, 3498000, 02-06-2014, Alm. Salg, 27328, 5, 8270, Villa, 128, 1900
Frodesgade 15, 4195000, 02-06-2014, Alm. Salg, 33830, 5, 8260, Villa, 124, 1961, 0 %
Rugbjergvej 36, 3225000, 31-05-2014, Alm. Salg, 19427, 5, 8260, Villa, 166, 1970
Venusvej 2, 2900000, 30-05-2014, Alm. Salg, 15934, 8, 8270, Villa, 182, 1955, -9 %
Haslegårdsvænget 19, 2755000, 30-05-2014, Alm. Salg, 21356, 5, 8210, Villa, 129, 1968, -5 %
Fortevej 94B, 5495000, 29-05-2014, Alm. Salg, 43611, 3, 8240, Villa, 126, 1924, 0 %
Lyngsiesvej 12, 139925, 28-05-2014, Alm. Salg, 1520, 4, 8210, Villa, 92, 1959
Blomstervangen 4, 3100000, 28-05-2014, Alm. Salg, 19745, 5, 8250, Villa, 157, 1972, -6 %
Holmevangen 17, 2870000, 28-05-2014, Alm. Salg, 22598, 4, 8270, Villa, 127, 1956, -4 %
Pallisvej 33, 2525000, 28-05-2014, Alm. Salg, 14595, 6, 8220, Villa, 173, 1968, -3 %
Skæring Hedevej 112, 3150000, 27-05-2014, Alm. Salg, 20860, 6, 8250, Villa, 151, 1976, -4 %
Elsdyrvænget 48, 7500000, 27-05-2014, Alm. Salg, 41208, 5, 8270, Villa, 182, 1998, -16 %
Enghavevej 2A, 1422761, 27-05-2014, Andet, 12057, 5, 8260, Villa, 118, 1948
Roald Amundsens Vej 23, 4900000, 27-05-2014, Alm. Salg, 33333, 4, 8200, Villa, 147, 1938, -2 %
